ISO-10303-21;
HEADER;
/* Generated by software containing ST-Developer
 * from STEP Tools, Inc. (www.steptools.com) 
 */
/* OPTION: using custom renumber hook */

FILE_DESCRIPTION(
/* description */ ('STEP AP214',
'CAx-IF Rec.Pracs.---User Defined Attributes---1.5---2016-08-15'),
/* implementation_level */ '2;1');

FILE_NAME(
/* name */ 'Base turn - Part 2 (4)',
/* time_stamp */ '2026-05-17T02:39:04Z',
/* author */ (''),
/* organization */ (''),
/* preprocessor_version */ 'ST-DEVELOPER v20',
/* originating_system */ 'ONSHAPE BY PTC INC, 1.215',
/* authorisation */ '  ');

FILE_SCHEMA (('AUTOMOTIVE_DESIGN {1 0 10303 214 3 1 1}'));
ENDSEC;

DATA;
#10=PROPERTY_DEFINITION_REPRESENTATION(#14,#12);
#11=PROPERTY_DEFINITION_REPRESENTATION(#15,#13);
#12=REPRESENTATION('',(#16),#5029);
#13=REPRESENTATION('',(#17),#5029);
#14=PROPERTY_DEFINITION('pmi validation property','',#5034);
#15=PROPERTY_DEFINITION('pmi validation property','',#5034);
#16=VALUE_REPRESENTATION_ITEM('number of annotations',COUNT_MEASURE(0.));
#17=VALUE_REPRESENTATION_ITEM('number of views',COUNT_MEASURE(0.));
#18=SHAPE_REPRESENTATION_RELATIONSHIP('','',#2925,#19);
#19=ADVANCED_BREP_SHAPE_REPRESENTATION('',(#2923),#5029);
#20=CONICAL_SURFACE('',#3142,0.00336,0.785398163397448);
#21=CONICAL_SURFACE('',#3145,0.00336,0.785398163397448);
#22=CONICAL_SURFACE('',#3148,0.00336,0.785398163397448);
#23=CONICAL_SURFACE('',#3151,0.00336,0.785398163397448);
#24=CONICAL_SURFACE('',#3154,0.00336,0.785398163397448);
#25=CONICAL_SURFACE('',#3157,0.00336,0.785398163397448);
#26=CONICAL_SURFACE('',#3160,0.00336,0.785398163397448);
#27=CONICAL_SURFACE('',#3163,0.00336,0.785398163397448);
#28=CONICAL_SURFACE('',#3166,0.00336,0.785398163397448);
#29=CONICAL_SURFACE('',#3169,0.00336,0.785398163397448);
#30=CONICAL_SURFACE('',#3172,0.00336,0.785398163397448);
#31=CONICAL_SURFACE('',#3175,0.00336,0.785398163397448);
#32=PLANE('',#2945);
#33=PLANE('',#2946);
#34=PLANE('',#2947);
#35=PLANE('',#2948);
#36=PLANE('',#2949);
#37=PLANE('',#2950);
#38=PLANE('',#2951);
#39=PLANE('',#2952);
#40=PLANE('',#2953);
#41=PLANE('',#2954);
#42=PLANE('',#2955);
#43=PLANE('',#2956);
#44=PLANE('',#2957);
#45=PLANE('',#2963);
#46=PLANE('',#2970);
#47=PLANE('',#3051);
#48=PLANE('',#3133);
#49=PLANE('',#3135);
#50=PLANE('',#3137);
#51=PLANE('',#3139);
#52=PLANE('',#3176);
#53=PLANE('',#3179);
#54=PLANE('',#3180);
#55=PLANE('',#3187);
#56=PLANE('',#3190);
#57=PLANE('',#3191);
#58=PLANE('',#3198);
#59=PLANE('',#3200);
#60=PLANE('',#3203);
#61=PLANE('',#3204);
#62=PLANE('',#3205);
#63=PLANE('',#3215);
#64=PLANE('',#3217);
#65=PLANE('',#3220);
#66=PLANE('',#3221);
#67=PLANE('',#3222);
#68=PLANE('',#3235);
#69=PLANE('',#3236);
#70=PLANE('',#3237);
#71=PLANE('',#3238);
#72=PLANE('',#3239);
#73=PLANE('',#3249);
#74=PLANE('',#3251);
#75=PLANE('',#3254);
#76=PLANE('',#3255);
#77=PLANE('',#3256);
#78=CIRCLE('',#2928,0.0022606);
#79=CIRCLE('',#2929,0.0022606);
#80=CIRCLE('',#2931,0.0022606);
#81=CIRCLE('',#2932,0.0022606);
#82=CIRCLE('',#2934,0.0022606);
#83=CIRCLE('',#2935,0.0022606);
#84=CIRCLE('',#2937,0.0022606);
#85=CIRCLE('',#2938,0.0022606);
#86=CIRCLE('',#2940,0.0022606);
#87=CIRCLE('',#2941,0.0022606);
#88=CIRCLE('',#2943,0.0022606);
#89=CIRCLE('',#2944,0.0022606);
#90=CIRCLE('',#2958,0.0016);
#91=CIRCLE('',#2959,0.0016);
#92=CIRCLE('',#2960,0.0016);
#93=CIRCLE('',#2961,0.0016);
#94=CIRCLE('',#2962,0.005);
#95=CIRCLE('',#2964,0.0016);
#96=CIRCLE('',#2965,0.0016);
#97=CIRCLE('',#2966,0.0016);
#98=CIRCLE('',#2967,0.0016);
#99=CIRCLE('',#2968,0.005);
#100=CIRCLE('',#2971,0.005);
#101=CIRCLE('',#2972,0.005);
#102=CIRCLE('',#2973,0.005);
#103=CIRCLE('',#2974,0.005);
#104=CIRCLE('',#2975,0.00336);
#105=CIRCLE('',#2976,0.00336);
#106=CIRCLE('',#2977,0.00336);
#107=CIRCLE('',#2978,0.00336);
#108=CIRCLE('',#2979,0.00336);
#109=CIRCLE('',#2980,0.00336);
#110=CIRCLE('',#2981,0.00336);
#111=CIRCLE('',#2982,0.00336);
#112=CIRCLE('',#2983,0.00336);
#113=CIRCLE('',#2984,0.00336);
#114=CIRCLE('',#2985,0.00336);
#115=CIRCLE('',#2986,0.00336);
#116=CIRCLE('',#2987,0.0022606);
#117=CIRCLE('',#2988,0.0022606);
#118=CIRCLE('',#2989,0.00736);
#119=CIRCLE('',#2990,0.0022606);
#120=CIRCLE('',#2991,0.0022606);
#121=CIRCLE('',#2992,0.00736);
#122=CIRCLE('',#2993,0.0022606);
#123=CIRCLE('',#2994,0.0022606);
#124=CIRCLE('',#2995,0.00736);
#125=CIRCLE('',#2996,0.0022606);
#126=CIRCLE('',#2997,0.0022606);
#127=CIRCLE('',#2998,0.0022606);
#128=CIRCLE('',#2999,0.0022606);
#129=CIRCLE('',#3000,0.0022606);
#130=CIRCLE('',#3001,0.0022606);
#131=CIRCLE('',#3002,0.00736);
#132=CIRCLE('',#3003,0.0022606);
#133=CIRCLE('',#3004,0.0022606);
#134=CIRCLE('',#3005,0.00736);
#135=CIRCLE('',#3006,0.0022606);
#136=CIRCLE('',#3007,0.0022606);
#137=CIRCLE('',#3008,0.00736);
#138=CIRCLE('',#3009,0.0022606);
#139=CIRCLE('',#3010,0.0022606);
#140=CIRCLE('',#3011,0.0022606);
#141=CIRCLE('',#3012,0.0022606);
#142=CIRCLE('',#3013,0.00736);
#143=CIRCLE('',#3014,0.0022606);
#144=CIRCLE('',#3015,0.0022606);
#145=CIRCLE('',#3016,0.00736);
#146=CIRCLE('',#3017,0.0022606);
#147=CIRCLE('',#3018,0.0022606);
#148=CIRCLE('',#3019,0.0022606);
#149=CIRCLE('',#3020,0.0022606);
#150=CIRCLE('',#3021,0.00736);
#151=CIRCLE('',#3022,0.0022606);
#152=CIRCLE('',#3023,0.0022606);
#153=CIRCLE('',#3024,0.00736);
#154=CIRCLE('',#3025,0.0022606);
#155=CIRCLE('',#3026,0.0022606);
#156=CIRCLE('',#3027,0.00736);
#157=CIRCLE('',#3028,0.0022606);
#158=CIRCLE('',#3029,0.0022606);
#159=CIRCLE('',#3030,0.0022606);
#160=CIRCLE('',#3031,0.0022606);
#161=CIRCLE('',#3032,0.0022606);
#162=CIRCLE('',#3033,0.0022606);
#163=CIRCLE('',#3034,0.00736);
#164=CIRCLE('',#3035,0.0022606);
#165=CIRCLE('',#3036,0.0022606);
#166=CIRCLE('',#3037,0.00736);
#167=CIRCLE('',#3038,0.0022606);
#168=CIRCLE('',#3039,0.0022606);
#169=CIRCLE('',#3040,0.00736);
#170=CIRCLE('',#3041,0.0022606);
#171=CIRCLE('',#3042,0.0022606);
#172=CIRCLE('',#3043,0.0022606);
#173=CIRCLE('',#3044,0.0022606);
#174=CIRCLE('',#3045,0.00736);
#175=CIRCLE('',#3046,0.0022606);
#176=CIRCLE('',#3047,0.0022606);
#177=CIRCLE('',#3048,0.00736);
#178=CIRCLE('',#3049,0.0022606);
#179=CIRCLE('',#3050,0.0022606);
#180=CIRCLE('',#3052,0.0022606);
#181=CIRCLE('',#3053,0.0022606);
#182=CIRCLE('',#3054,0.0022606);
#183=CIRCLE('',#3055,0.00736);
#184=CIRCLE('',#3056,0.0022606);
#185=CIRCLE('',#3057,0.0022606);
#186=CIRCLE('',#3058,0.00736);
#187=CIRCLE('',#3059,0.0022606);
#188=CIRCLE('',#3060,0.0022606);
#189=CIRCLE('',#3061,0.00736);
#190=CIRCLE('',#3062,0.0022606);
#191=CIRCLE('',#3063,0.0022606);
#192=CIRCLE('',#3064,0.0022606);
#193=CIRCLE('',#3065,0.0022606);
#194=CIRCLE('',#3066,0.00736);
#195=CIRCLE('',#3067,0.0022606);
#196=CIRCLE('',#3068,0.0022606);
#197=CIRCLE('',#3069,0.00736);
#198=CIRCLE('',#3070,0.0022606);
#199=CIRCLE('',#3071,0.0022606);
#200=CIRCLE('',#3072,0.00736);
#201=CIRCLE('',#3073,0.0022606);
#202=CIRCLE('',#3074,0.0022606);
#203=CIRCLE('',#3075,0.0022606);
#204=CIRCLE('',#3076,0.0022606);
#205=CIRCLE('',#3077,0.0022606);
#206=CIRCLE('',#3078,0.00736);
#207=CIRCLE('',#3079,0.0022606);
#208=CIRCLE('',#3080,0.0022606);
#209=CIRCLE('',#3081,0.00736);
#210=CIRCLE('',#3082,0.0022606);
#211=CIRCLE('',#3083,0.0022606);
#212=CIRCLE('',#3084,0.0022606);
#213=CIRCLE('',#3085,0.0022606);
#214=CIRCLE('',#3086,0.00736);
#215=CIRCLE('',#3087,0.0022606);
#216=CIRCLE('',#3088,0.0022606);
#217=CIRCLE('',#3089,0.00736);
#218=CIRCLE('',#3090,0.0022606);
#219=CIRCLE('',#3091,0.0022606);
#220=CIRCLE('',#3092,0.0016);
#221=CIRCLE('',#3093,0.0016);
#222=CIRCLE('',#3094,0.0016);
#223=CIRCLE('',#3095,0.0016);
#224=CIRCLE('',#3096,0.0016);
#225=CIRCLE('',#3097,0.0016);
#226=CIRCLE('',#3098,0.0016);
#227=CIRCLE('',#3099,0.0016);
#228=CIRCLE('',#3100,0.0016);
#229=CIRCLE('',#3101,0.0016);
#230=CIRCLE('',#3102,0.0016);
#231=CIRCLE('',#3103,0.0016);
#232=CIRCLE('',#3104,0.005);
#233=CIRCLE('',#3105,0.005);
#234=CIRCLE('',#3106,0.005);
#235=CIRCLE('',#3107,0.005);
#236=CIRCLE('',#3108,0.0022606);
#237=CIRCLE('',#3109,0.0022606);
#238=CIRCLE('',#3110,0.0022606);
#239=CIRCLE('',#3111,0.00736);
#240=CIRCLE('',#3112,0.0022606);
#241=CIRCLE('',#3113,0.0022606);
#242=CIRCLE('',#3114,0.00736);
#243=CIRCLE('',#3115,0.0022606);
#244=CIRCLE('',#3116,0.0022606);
#245=CIRCLE('',#3117,0.00736);
#246=CIRCLE('',#3118,0.0022606);
#247=CIRCLE('',#3119,0.0022606);
#248=CIRCLE('',#3120,0.0022606);
#249=CIRCLE('',#3121,0.0022606);
#250=CIRCLE('',#3122,0.00736);
#251=CIRCLE('',#3123,0.0022606);
#252=CIRCLE('',#3124,0.0022606);
#253=CIRCLE('',#3125,0.00736);
#254=CIRCLE('',#3126,0.0022606);
#255=CIRCLE('',#3127,0.0022606);
#256=CIRCLE('',#3128,0.00736);
#257=CIRCLE('',#3129,0.0022606);
#258=CIRCLE('',#3130,0.0022606);
#259=CIRCLE('',#3131,0.0022606);
#260=CIRCLE('',#3141,0.0016);
#261=CIRCLE('',#3144,0.0016);
#262=CIRCLE('',#3147,0.0016);
#263=CIRCLE('',#3150,0.0016);
#264=CIRCLE('',#3153,0.0016);
#265=CIRCLE('',#3156,0.0016);
#266=CIRCLE('',#3159,0.0016);
#267=CIRCLE('',#3162,0.0016);
#268=CIRCLE('',#3165,0.0016);
#269=CIRCLE('',#3168,0.0016);
#270=CIRCLE('',#3171,0.0016);
#271=CIRCLE('',#3174,0.0016);
#272=ORIENTED_EDGE('',*,*,#1096,.F.);
#273=ORIENTED_EDGE('',*,*,#1097,.T.);
#274=ORIENTED_EDGE('',*,*,#1098,.T.);
#275=ORIENTED_EDGE('',*,*,#1099,.F.);
#276=ORIENTED_EDGE('',*,*,#1100,.F.);
#277=ORIENTED_EDGE('',*,*,#1101,.T.);
#278=ORIENTED_EDGE('',*,*,#1102,.T.);
#279=ORIENTED_EDGE('',*,*,#1103,.F.);
#280=ORIENTED_EDGE('',*,*,#1104,.F.);
#281=ORIENTED_EDGE('',*,*,#1105,.T.);
#282=ORIENTED_EDGE('',*,*,#1106,.T.);
#283=ORIENTED_EDGE('',*,*,#1107,.F.);
#284=ORIENTED_EDGE('',*,*,#1108,.F.);
#285=ORIENTED_EDGE('',*,*,#1109,.T.);
#286=ORIENTED_EDGE('',*,*,#1110,.T.);
#287=ORIENTED_EDGE('',*,*,#1111,.F.);
#288=ORIENTED_EDGE('',*,*,#1112,.F.);
#289=ORIENTED_EDGE('',*,*,#1113,.T.);
#290=ORIENTED_EDGE('',*,*,#1114,.T.);
#291=ORIENTED_EDGE('',*,*,#1115,.F.);
#292=ORIENTED_EDGE('',*,*,#1116,.F.);
#293=ORIENTED_EDGE('',*,*,#1117,.T.);
#294=ORIENTED_EDGE('',*,*,#1118,.T.);
#295=ORIENTED_EDGE('',*,*,#1119,.F.);
#296=ORIENTED_EDGE('',*,*,#1098,.F.);
#297=ORIENTED_EDGE('',*,*,#1120,.T.);
#298=ORIENTED_EDGE('',*,*,#1116,.T.);
#299=ORIENTED_EDGE('',*,*,#1121,.T.);
#300=ORIENTED_EDGE('',*,*,#1102,.F.);
#301=ORIENTED_EDGE('',*,*,#1122,.T.);
#302=ORIENTED_EDGE('',*,*,#1096,.T.);
#303=ORIENTED_EDGE('',*,*,#1123,.T.);
#304=ORIENTED_EDGE('',*,*,#1106,.F.);
#305=ORIENTED_EDGE('',*,*,#1124,.T.);
#306=ORIENTED_EDGE('',*,*,#1100,.T.);
#307=ORIENTED_EDGE('',*,*,#1125,.T.);
#308=ORIENTED_EDGE('',*,*,#1110,.F.);
#309=ORIENTED_EDGE('',*,*,#1126,.T.);
#310=ORIENTED_EDGE('',*,*,#1104,.T.);
#311=ORIENTED_EDGE('',*,*,#1127,.T.);
#312=ORIENTED_EDGE('',*,*,#1114,.F.);
#313=ORIENTED_EDGE('',*,*,#1128,.T.);
#314=ORIENTED_EDGE('',*,*,#1108,.T.);
#315=ORIENTED_EDGE('',*,*,#1129,.T.);
#316=ORIENTED_EDGE('',*,*,#1118,.F.);
#317=ORIENTED_EDGE('',*,*,#1130,.T.);
#318=ORIENTED_EDGE('',*,*,#1112,.T.);
#319=ORIENTED_EDGE('',*,*,#1131,.T.);
#320=ORIENTED_EDGE('',*,*,#1132,.T.);
#321=ORIENTED_EDGE('',*,*,#1133,.F.);
#322=ORIENTED_EDGE('',*,*,#1134,.T.);
#323=ORIENTED_EDGE('',*,*,#1135,.F.);
#324=ORIENTED_EDGE('',*,*,#1136,.T.);
#325=ORIENTED_EDGE('',*,*,#1137,.F.);
#326=ORIENTED_EDGE('',*,*,#1138,.F.);
#327=ORIENTED_EDGE('',*,*,#1139,.T.);
#328=ORIENTED_EDGE('',*,*,#1140,.T.);
#329=ORIENTED_EDGE('',*,*,#1141,.F.);
#330=ORIENTED_EDGE('',*,*,#1142,.T.);
#331=ORIENTED_EDGE('',*,*,#1143,.F.);
#332=ORIENTED_EDGE('',*,*,#1144,.T.);
#333=ORIENTED_EDGE('',*,*,#1145,.F.);
#334=ORIENTED_EDGE('',*,*,#1146,.F.);
#335=ORIENTED_EDGE('',*,*,#1137,.T.);
#336=ORIENTED_EDGE('',*,*,#1147,.T.);
#337=ORIENTED_EDGE('',*,*,#1148,.F.);
#338=ORIENTED_EDGE('',*,*,#1149,.T.);
#339=ORIENTED_EDGE('',*,*,#1150,.F.);
#340=ORIENTED_EDGE('',*,*,#1151,.T.);
#341=ORIENTED_EDGE('',*,*,#1152,.F.);
#342=ORIENTED_EDGE('',*,*,#1153,.F.);
#343=ORIENTED_EDGE('',*,*,#1145,.T.);
#344=ORIENTED_EDGE('',*,*,#1154,.T.);
#345=ORIENTED_EDGE('',*,*,#1155,.F.);
#346=ORIENTED_EDGE('',*,*,#1156,.T.);
#347=ORIENTED_EDGE('',*,*,#1157,.F.);
#348=ORIENTED_EDGE('',*,*,#1158,.T.);
#349=ORIENTED_EDGE('',*,*,#1159,.F.);
#350=ORIENTED_EDGE('',*,*,#1160,.F.);
#351=ORIENTED_EDGE('',*,*,#1152,.T.);
#352=ORIENTED_EDGE('',*,*,#1161,.T.);
#353=ORIENTED_EDGE('',*,*,#1162,.F.);
#354=ORIENTED_EDGE('',*,*,#1163,.T.);
#355=ORIENTED_EDGE('',*,*,#1164,.F.);
#356=ORIENTED_EDGE('',*,*,#1165,.T.);
#357=ORIENTED_EDGE('',*,*,#1166,.F.);
#358=ORIENTED_EDGE('',*,*,#1167,.F.);
#359=ORIENTED_EDGE('',*,*,#1159,.T.);
#360=ORIENTED_EDGE('',*,*,#1168,.T.);
#361=ORIENTED_EDGE('',*,*,#1169,.F.);
#362=ORIENTED_EDGE('',*,*,#1170,.T.);
#363=ORIENTED_EDGE('',*,*,#1171,.F.);
#364=ORIENTED_EDGE('',*,*,#1172,.T.);
#365=ORIENTED_EDGE('',*,*,#1139,.F.);
#366=ORIENTED_EDGE('',*,*,#1173,.F.);
#367=ORIENTED_EDGE('',*,*,#1166,.T.);
#368=ORIENTED_EDGE('',*,*,#1174,.T.);
#369=ORIENTED_EDGE('',*,*,#1175,.T.);
#370=ORIENTED_EDGE('',*,*,#1176,.T.);
#371=ORIENTED_EDGE('',*,*,#1177,.T.);
#372=ORIENTED_EDGE('',*,*,#1178,.F.);
#373=ORIENTED_EDGE('',*,*,#1138,.T.);
#374=ORIENTED_EDGE('',*,*,#1146,.T.);
#375=ORIENTED_EDGE('',*,*,#1153,.T.);
#376=ORIENTED_EDGE('',*,*,#1160,.T.);
#377=ORIENTED_EDGE('',*,*,#1167,.T.);
#378=ORIENTED_EDGE('',*,*,#1173,.T.);
#379=ORIENTED_EDGE('',*,*,#1179,.F.);
#380=ORIENTED_EDGE('',*,*,#1180,.F.);
#381=ORIENTED_EDGE('',*,*,#1181,.F.);
#382=ORIENTED_EDGE('',*,*,#1182,.F.);
#383=ORIENTED_EDGE('',*,*,#1183,.F.);
#384=ORIENTED_EDGE('',*,*,#1097,.F.);
#385=ORIENTED_EDGE('',*,*,#1122,.F.);
#386=ORIENTED_EDGE('',*,*,#1101,.F.);
#387=ORIENTED_EDGE('',*,*,#1124,.F.);
#388=ORIENTED_EDGE('',*,*,#1105,.F.);
#389=ORIENTED_EDGE('',*,*,#1126,.F.);
#390=ORIENTED_EDGE('',*,*,#1109,.F.);
#391=ORIENTED_EDGE('',*,*,#1128,.F.);
#392=ORIENTED_EDGE('',*,*,#1113,.F.);
#393=ORIENTED_EDGE('',*,*,#1130,.F.);
#394=ORIENTED_EDGE('',*,*,#1117,.F.);
#395=ORIENTED_EDGE('',*,*,#1120,.F.);
#396=ORIENTED_EDGE('',*,*,#1178,.T.);
#397=ORIENTED_EDGE('',*,*,#1183,.T.);
#398=ORIENTED_EDGE('',*,*,#1184,.T.);
#399=ORIENTED_EDGE('',*,*,#1185,.T.);
#400=ORIENTED_EDGE('',*,*,#1186,.T.);
#401=ORIENTED_EDGE('',*,*,#1187,.T.);
#402=ORIENTED_EDGE('',*,*,#1188,.F.);
#403=ORIENTED_EDGE('',*,*,#1189,.T.);
#404=ORIENTED_EDGE('',*,*,#1190,.F.);
#405=ORIENTED_EDGE('',*,*,#1191,.T.);
#406=ORIENTED_EDGE('',*,*,#1192,.T.);
#407=ORIENTED_EDGE('',*,*,#1193,.T.);
#408=ORIENTED_EDGE('',*,*,#1194,.T.);
#409=ORIENTED_EDGE('',*,*,#1195,.T.);
#410=ORIENTED_EDGE('',*,*,#1196,.T.);
#411=ORIENTED_EDGE('',*,*,#1197,.T.);
#412=ORIENTED_EDGE('',*,*,#1198,.T.);
#413=ORIENTED_EDGE('',*,*,#1199,.T.);
#414=ORIENTED_EDGE('',*,*,#1200,.T.);
#415=ORIENTED_EDGE('',*,*,#1201,.T.);
#416=ORIENTED_EDGE('',*,*,#1202,.T.);
#417=ORIENTED_EDGE('',*,*,#1203,.T.);
#418=ORIENTED_EDGE('',*,*,#1136,.F.);
#419=ORIENTED_EDGE('',*,*,#1204,.F.);
#420=ORIENTED_EDGE('',*,*,#1205,.T.);
#421=ORIENTED_EDGE('',*,*,#1206,.F.);
#422=ORIENTED_EDGE('',*,*,#1207,.F.);
#423=ORIENTED_EDGE('',*,*,#1208,.F.);
#424=ORIENTED_EDGE('',*,*,#1209,.T.);
#425=ORIENTED_EDGE('',*,*,#1210,.F.);
#426=ORIENTED_EDGE('',*,*,#1211,.F.);
#427=ORIENTED_EDGE('',*,*,#1212,.F.);
#428=ORIENTED_EDGE('',*,*,#1213,.T.);
#429=ORIENTED_EDGE('',*,*,#1214,.F.);
#430=ORIENTED_EDGE('',*,*,#1215,.F.);
#431=ORIENTED_EDGE('',*,*,#1216,.F.);
#432=ORIENTED_EDGE('',*,*,#1217,.T.);
#433=ORIENTED_EDGE('',*,*,#1218,.F.);
#434=ORIENTED_EDGE('',*,*,#1219,.T.);
#435=ORIENTED_EDGE('',*,*,#1220,.F.);
#436=ORIENTED_EDGE('',*,*,#1132,.F.);
#437=ORIENTED_EDGE('',*,*,#1172,.F.);
#438=ORIENTED_EDGE('',*,*,#1221,.F.);
#439=ORIENTED_EDGE('',*,*,#1222,.T.);
#440=ORIENTED_EDGE('',*,*,#1223,.F.);
#441=ORIENTED_EDGE('',*,*,#1224,.T.);
#442=ORIENTED_EDGE('',*,*,#1225,.F.);
#443=ORIENTED_EDGE('',*,*,#1226,.F.);
#444=ORIENTED_EDGE('',*,*,#1227,.F.);
#445=ORIENTED_EDGE('',*,*,#1228,.T.);
#446=ORIENTED_EDGE('',*,*,#1229,.F.);
#447=ORIENTED_EDGE('',*,*,#1230,.F.);
#448=ORIENTED_EDGE('',*,*,#1231,.F.);
#449=ORIENTED_EDGE('',*,*,#1232,.T.);
#450=ORIENTED_EDGE('',*,*,#1233,.F.);
#451=ORIENTED_EDGE('',*,*,#1234,.F.);
#452=ORIENTED_EDGE('',*,*,#1235,.F.);
#453=ORIENTED_EDGE('',*,*,#1236,.T.);
#454=ORIENTED_EDGE('',*,*,#1237,.F.);
#455=ORIENTED_EDGE('',*,*,#1168,.F.);
#456=ORIENTED_EDGE('',*,*,#1165,.F.);
#457=ORIENTED_EDGE('',*,*,#1238,.F.);
#458=ORIENTED_EDGE('',*,*,#1239,.T.);
#459=ORIENTED_EDGE('',*,*,#1240,.F.);
#460=ORIENTED_EDGE('',*,*,#1241,.F.);
#461=ORIENTED_EDGE('',*,*,#1242,.F.);
#462=ORIENTED_EDGE('',*,*,#1243,.T.);
#463=ORIENTED_EDGE('',*,*,#1244,.F.);
#464=ORIENTED_EDGE('',*,*,#1245,.F.);
#465=ORIENTED_EDGE('',*,*,#1246,.F.);
#466=ORIENTED_EDGE('',*,*,#1247,.T.);
#467=ORIENTED_EDGE('',*,*,#1248,.F.);
#468=ORIENTED_EDGE('',*,*,#1161,.F.);
#469=ORIENTED_EDGE('',*,*,#1158,.F.);
#470=ORIENTED_EDGE('',*,*,#1249,.F.);
#471=ORIENTED_EDGE('',*,*,#1250,.T.);
#472=ORIENTED_EDGE('',*,*,#1251,.F.);
#473=ORIENTED_EDGE('',*,*,#1252,.F.);
#474=ORIENTED_EDGE('',*,*,#1253,.F.);
#475=ORIENTED_EDGE('',*,*,#1254,.T.);
#476=ORIENTED_EDGE('',*,*,#1255,.F.);
#477=ORIENTED_EDGE('',*,*,#1256,.F.);
#478=ORIENTED_EDGE('',*,*,#1257,.F.);
#479=ORIENTED_EDGE('',*,*,#1258,.F.);
#480=ORIENTED_EDGE('',*,*,#1259,.F.);
#481=ORIENTED_EDGE('',*,*,#1260,.F.);
#482=ORIENTED_EDGE('',*,*,#1261,.F.);
#483=ORIENTED_EDGE('',*,*,#1262,.F.);
#484=ORIENTED_EDGE('',*,*,#1263,.F.);
#485=ORIENTED_EDGE('',*,*,#1264,.T.);
#486=ORIENTED_EDGE('',*,*,#1265,.F.);
#487=ORIENTED_EDGE('',*,*,#1154,.F.);
#488=ORIENTED_EDGE('',*,*,#1151,.F.);
#489=ORIENTED_EDGE('',*,*,#1266,.F.);
#490=ORIENTED_EDGE('',*,*,#1267,.T.);
#491=ORIENTED_EDGE('',*,*,#1268,.F.);
#492=ORIENTED_EDGE('',*,*,#1269,.F.);
#493=ORIENTED_EDGE('',*,*,#1270,.F.);
#494=ORIENTED_EDGE('',*,*,#1271,.F.);
#495=ORIENTED_EDGE('',*,*,#1272,.F.);
#496=ORIENTED_EDGE('',*,*,#1273,.F.);
#497=ORIENTED_EDGE('',*,*,#1274,.F.);
#498=ORIENTED_EDGE('',*,*,#1275,.F.);
#499=ORIENTED_EDGE('',*,*,#1276,.F.);
#500=ORIENTED_EDGE('',*,*,#1277,.T.);
#501=ORIENTED_EDGE('',*,*,#1278,.F.);
#502=ORIENTED_EDGE('',*,*,#1279,.F.);
#503=ORIENTED_EDGE('',*,*,#1280,.F.);
#504=ORIENTED_EDGE('',*,*,#1281,.T.);
#505=ORIENTED_EDGE('',*,*,#1282,.F.);
#506=ORIENTED_EDGE('',*,*,#1147,.F.);
#507=ORIENTED_EDGE('',*,*,#1144,.F.);
#508=ORIENTED_EDGE('',*,*,#1283,.F.);
#509=ORIENTED_EDGE('',*,*,#1284,.T.);
#510=ORIENTED_EDGE('',*,*,#1285,.F.);
#511=ORIENTED_EDGE('',*,*,#1286,.F.);
#512=ORIENTED_EDGE('',*,*,#1287,.F.);
#513=ORIENTED_EDGE('',*,*,#1288,.F.);
#514=ORIENTED_EDGE('',*,*,#1289,.F.);
#515=ORIENTED_EDGE('',*,*,#1290,.F.);
#516=ORIENTED_EDGE('',*,*,#1291,.F.);
#517=ORIENTED_EDGE('',*,*,#1292,.T.);
#518=ORIENTED_EDGE('',*,*,#1293,.F.);
#519=ORIENTED_EDGE('',*,*,#1140,.F.);
#520=ORIENTED_EDGE('',*,*,#1134,.F.);
#521=ORIENTED_EDGE('',*,*,#1294,.T.);
#522=ORIENTED_EDGE('',*,*,#1295,.F.);
#523=ORIENTED_EDGE('',*,*,#1296,.T.);
#524=ORIENTED_EDGE('',*,*,#1297,.F.);
#525=ORIENTED_EDGE('',*,*,#1298,.T.);
#526=ORIENTED_EDGE('',*,*,#1299,.T.);
#527=ORIENTED_EDGE('',*,*,#1300,.T.);
#528=ORIENTED_EDGE('',*,*,#1301,.F.);
#529=ORIENTED_EDGE('',*,*,#1302,.T.);
#530=ORIENTED_EDGE('',*,*,#1303,.T.);
#531=ORIENTED_EDGE('',*,*,#1304,.T.);
#532=ORIENTED_EDGE('',*,*,#1305,.F.);
#533=ORIENTED_EDGE('',*,*,#1306,.T.);
#534=ORIENTED_EDGE('',*,*,#1307,.T.);
#535=ORIENTED_EDGE('',*,*,#1308,.T.);
#536=ORIENTED_EDGE('',*,*,#1309,.F.);
#537=ORIENTED_EDGE('',*,*,#1310,.T.);
#538=ORIENTED_EDGE('',*,*,#1170,.F.);
#539=ORIENTED_EDGE('',*,*,#1311,.T.);
#540=ORIENTED_EDGE('',*,*,#1312,.F.);
#541=ORIENTED_EDGE('',*,*,#1313,.T.);
#542=ORIENTED_EDGE('',*,*,#1314,.T.);
#543=ORIENTED_EDGE('',*,*,#1315,.T.);
#544=ORIENTED_EDGE('',*,*,#1316,.F.);
#545=ORIENTED_EDGE('',*,*,#1317,.T.);
#546=ORIENTED_EDGE('',*,*,#1318,.T.);
#547=ORIENTED_EDGE('',*,*,#1319,.T.);
#548=ORIENTED_EDGE('',*,*,#1320,.F.);
#549=ORIENTED_EDGE('',*,*,#1321,.T.);
#550=ORIENTED_EDGE('',*,*,#1322,.T.);
#551=ORIENTED_EDGE('',*,*,#1323,.T.);
#552=ORIENTED_EDGE('',*,*,#1324,.F.);
#553=ORIENTED_EDGE('',*,*,#1325,.T.);
#554=ORIENTED_EDGE('',*,*,#1326,.F.);
#555=ORIENTED_EDGE('',*,*,#1327,.T.);
#556=ORIENTED_EDGE('',*,*,#1142,.F.);
#557=ORIENTED_EDGE('',*,*,#1328,.T.);
#558=ORIENTED_EDGE('',*,*,#1329,.F.);
#559=ORIENTED_EDGE('',*,*,#1330,.T.);
#560=ORIENTED_EDGE('',*,*,#1331,.T.);
#561=ORIENTED_EDGE('',*,*,#1332,.T.);
#562=ORIENTED_EDGE('',*,*,#1333,.T.);
#563=ORIENTED_EDGE('',*,*,#1334,.T.);
#564=ORIENTED_EDGE('',*,*,#1335,.T.);
#565=ORIENTED_EDGE('',*,*,#1336,.T.);
#566=ORIENTED_EDGE('',*,*,#1337,.F.);
#567=ORIENTED_EDGE('',*,*,#1338,.T.);
#568=ORIENTED_EDGE('',*,*,#1163,.F.);
#569=ORIENTED_EDGE('',*,*,#1339,.T.);
#570=ORIENTED_EDGE('',*,*,#1340,.F.);
#571=ORIENTED_EDGE('',*,*,#1341,.T.);
#572=ORIENTED_EDGE('',*,*,#1342,.T.);
#573=ORIENTED_EDGE('',*,*,#1343,.T.);
#574=ORIENTED_EDGE('',*,*,#1344,.F.);
#575=ORIENTED_EDGE('',*,*,#1345,.T.);
#576=ORIENTED_EDGE('',*,*,#1346,.T.);
#577=ORIENTED_EDGE('',*,*,#1347,.T.);
#578=ORIENTED_EDGE('',*,*,#1348,.F.);
#579=ORIENTED_EDGE('',*,*,#1349,.T.);
#580=ORIENTED_EDGE('',*,*,#1129,.F.);
#581=ORIENTED_EDGE('',*,*,#1111,.T.);
#582=ORIENTED_EDGE('',*,*,#1127,.F.);
#583=ORIENTED_EDGE('',*,*,#1107,.T.);
#584=ORIENTED_EDGE('',*,*,#1125,.F.);
#585=ORIENTED_EDGE('',*,*,#1103,.T.);
#586=ORIENTED_EDGE('',*,*,#1123,.F.);
#587=ORIENTED_EDGE('',*,*,#1099,.T.);
#588=ORIENTED_EDGE('',*,*,#1121,.F.);
#589=ORIENTED_EDGE('',*,*,#1119,.T.);
#590=ORIENTED_EDGE('',*,*,#1131,.F.);
#591=ORIENTED_EDGE('',*,*,#1115,.T.);
#592=ORIENTED_EDGE('',*,*,#1350,.F.);
#593=ORIENTED_EDGE('',*,*,#1351,.F.);
#594=ORIENTED_EDGE('',*,*,#1352,.F.);
#595=ORIENTED_EDGE('',*,*,#1353,.F.);
#596=ORIENTED_EDGE('',*,*,#1354,.F.);
#597=ORIENTED_EDGE('',*,*,#1355,.F.);
#598=ORIENTED_EDGE('',*,*,#1356,.F.);
#599=ORIENTED_EDGE('',*,*,#1357,.F.);
#600=ORIENTED_EDGE('',*,*,#1358,.F.);
#601=ORIENTED_EDGE('',*,*,#1359,.F.);
#602=ORIENTED_EDGE('',*,*,#1360,.F.);
#603=ORIENTED_EDGE('',*,*,#1361,.F.);
#604=ORIENTED_EDGE('',*,*,#1362,.T.);
#605=ORIENTED_EDGE('',*,*,#1363,.T.);
#606=ORIENTED_EDGE('',*,*,#1364,.F.);
#607=ORIENTED_EDGE('',*,*,#1365,.T.);
#608=ORIENTED_EDGE('',*,*,#1366,.F.);
#609=ORIENTED_EDGE('',*,*,#1367,.T.);
#610=ORIENTED_EDGE('',*,*,#1368,.T.);
#611=ORIENTED_EDGE('',*,*,#1369,.T.);
#612=ORIENTED_EDGE('',*,*,#1156,.F.);
#613=ORIENTED_EDGE('',*,*,#1370,.T.);
#614=ORIENTED_EDGE('',*,*,#1371,.F.);
#615=ORIENTED_EDGE('',*,*,#1372,.T.);
#616=ORIENTED_EDGE('',*,*,#1373,.T.);
#617=ORIENTED_EDGE('',*,*,#1374,.T.);
#618=ORIENTED_EDGE('',*,*,#1375,.T.);
#619=ORIENTED_EDGE('',*,*,#1376,.T.);
#620=ORIENTED_EDGE('',*,*,#1377,.T.);
#621=ORIENTED_EDGE('',*,*,#1378,.T.);
#622=ORIENTED_EDGE('',*,*,#1379,.T.);
#623=ORIENTED_EDGE('',*,*,#1380,.T.);
#624=ORIENTED_EDGE('',*,*,#1381,.F.);
#625=ORIENTED_EDGE('',*,*,#1382,.T.);
#626=ORIENTED_EDGE('',*,*,#1383,.T.);
#627=ORIENTED_EDGE('',*,*,#1384,.T.);
#628=ORIENTED_EDGE('',*,*,#1385,.F.);
#629=ORIENTED_EDGE('',*,*,#1386,.T.);
#630=ORIENTED_EDGE('',*,*,#1149,.F.);
#631=ORIENTED_EDGE('',*,*,#1387,.T.);
#632=ORIENTED_EDGE('',*,*,#1388,.F.);
#633=ORIENTED_EDGE('',*,*,#1389,.T.);
#634=ORIENTED_EDGE('',*,*,#1390,.T.);
#635=ORIENTED_EDGE('',*,*,#1391,.T.);
#636=ORIENTED_EDGE('',*,*,#1392,.F.);
#637=ORIENTED_EDGE('',*,*,#1393,.T.);
#638=ORIENTED_EDGE('',*,*,#1394,.T.);
#639=ORIENTED_EDGE('',*,*,#1395,.T.);
#640=ORIENTED_EDGE('',*,*,#1396,.T.);
#641=ORIENTED_EDGE('',*,*,#1397,.T.);
#642=ORIENTED_EDGE('',*,*,#1398,.T.);
#643=ORIENTED_EDGE('',*,*,#1399,.T.);
#644=ORIENTED_EDGE('',*,*,#1400,.T.);
#645=ORIENTED_EDGE('',*,*,#1401,.T.);
#646=ORIENTED_EDGE('',*,*,#1402,.F.);
#647=ORIENTED_EDGE('',*,*,#1403,.T.);
#648=ORIENTED_EDGE('',*,*,#1363,.F.);
#649=ORIENTED_EDGE('',*,*,#1404,.T.);
#650=ORIENTED_EDGE('',*,*,#1191,.F.);
#651=ORIENTED_EDGE('',*,*,#1405,.F.);
#652=ORIENTED_EDGE('',*,*,#1406,.F.);
#653=ORIENTED_EDGE('',*,*,#1364,.T.);
#654=ORIENTED_EDGE('',*,*,#1405,.T.);
#655=ORIENTED_EDGE('',*,*,#1190,.T.);
#656=ORIENTED_EDGE('',*,*,#1365,.F.);
#657=ORIENTED_EDGE('',*,*,#1406,.T.);
#658=ORIENTED_EDGE('',*,*,#1189,.F.);
#659=ORIENTED_EDGE('',*,*,#1407,.F.);
#660=ORIENTED_EDGE('',*,*,#1408,.F.);
#661=ORIENTED_EDGE('',*,*,#1366,.T.);
#662=ORIENTED_EDGE('',*,*,#1407,.T.);
#663=ORIENTED_EDGE('',*,*,#1188,.T.);
#664=ORIENTED_EDGE('',*,*,#1367,.F.);
#665=ORIENTED_EDGE('',*,*,#1408,.T.);
#666=ORIENTED_EDGE('',*,*,#1187,.F.);
#667=ORIENTED_EDGE('',*,*,#1409,.F.);
#668=ORIENTED_EDGE('',*,*,#1368,.F.);
#669=ORIENTED_EDGE('',*,*,#1409,.T.);
#670=ORIENTED_EDGE('',*,*,#1186,.F.);
#671=ORIENTED_EDGE('',*,*,#1410,.F.);
#672=ORIENTED_EDGE('',*,*,#1369,.F.);
#673=ORIENTED_EDGE('',*,*,#1410,.T.);
#674=ORIENTED_EDGE('',*,*,#1185,.F.);
#675=ORIENTED_EDGE('',*,*,#1411,.F.);
#676=ORIENTED_EDGE('',*,*,#1362,.F.);
#677=ORIENTED_EDGE('',*,*,#1411,.T.);
#678=ORIENTED_EDGE('',*,*,#1184,.F.);
#679=ORIENTED_EDGE('',*,*,#1404,.F.);
#680=ORIENTED_EDGE('',*,*,#1412,.F.);
#681=ORIENTED_EDGE('',*,*,#1361,.T.);
#682=ORIENTED_EDGE('',*,*,#1412,.T.);
#683=ORIENTED_EDGE('',*,*,#1192,.F.);
#684=ORIENTED_EDGE('',*,*,#1413,.F.);
#685=ORIENTED_EDGE('',*,*,#1360,.T.);
#686=ORIENTED_EDGE('',*,*,#1413,.T.);
#687=ORIENTED_EDGE('',*,*,#1193,.F.);
#688=ORIENTED_EDGE('',*,*,#1414,.F.);
#689=ORIENTED_EDGE('',*,*,#1359,.T.);
#690=ORIENTED_EDGE('',*,*,#1414,.T.);
#691=ORIENTED_EDGE('',*,*,#1194,.F.);
#692=ORIENTED_EDGE('',*,*,#1415,.F.);
#693=ORIENTED_EDGE('',*,*,#1358,.T.);
#694=ORIENTED_EDGE('',*,*,#1415,.T.);
#695=ORIENTED_EDGE('',*,*,#1195,.F.);
#696=ORIENTED_EDGE('',*,*,#1416,.F.);
#697=ORIENTED_EDGE('',*,*,#1357,.T.);
#698=ORIENTED_EDGE('',*,*,#1416,.T.);
#699=ORIENTED_EDGE('',*,*,#1196,.F.);
#700=ORIENTED_EDGE('',*,*,#1417,.F.);
#701=ORIENTED_EDGE('',*,*,#1356,.T.);
#702=ORIENTED_EDGE('',*,*,#1417,.T.);
#703=ORIENTED_EDGE('',*,*,#1197,.F.);
#704=ORIENTED_EDGE('',*,*,#1418,.F.);
#705=ORIENTED_EDGE('',*,*,#1355,.T.);
#706=ORIENTED_EDGE('',*,*,#1418,.T.);
#707=ORIENTED_EDGE('',*,*,#1198,.F.);
#708=ORIENTED_EDGE('',*,*,#1419,.F.);
#709=ORIENTED_EDGE('',*,*,#1354,.T.);
#710=ORIENTED_EDGE('',*,*,#1419,.T.);
#711=ORIENTED_EDGE('',*,*,#1199,.F.);
#712=ORIENTED_EDGE('',*,*,#1420,.F.);
#713=ORIENTED_EDGE('',*,*,#1353,.T.);
#714=ORIENTED_EDGE('',*,*,#1420,.T.);
#715=ORIENTED_EDGE('',*,*,#1200,.F.);
#716=ORIENTED_EDGE('',*,*,#1421,.F.);
#717=ORIENTED_EDGE('',*,*,#1352,.T.);
#718=ORIENTED_EDGE('',*,*,#1421,.T.);
#719=ORIENTED_EDGE('',*,*,#1201,.F.);
#720=ORIENTED_EDGE('',*,*,#1422,.F.);
#721=ORIENTED_EDGE('',*,*,#1351,.T.);
#722=ORIENTED_EDGE('',*,*,#1422,.T.);
#723=ORIENTED_EDGE('',*,*,#1202,.F.);
#724=ORIENTED_EDGE('',*,*,#1423,.F.);
#725=ORIENTED_EDGE('',*,*,#1350,.T.);
#726=ORIENTED_EDGE('',*,*,#1423,.T.);
#727=ORIENTED_EDGE('',*,*,#1203,.F.);
#728=ORIENTED_EDGE('',*,*,#1344,.T.);
#729=ORIENTED_EDGE('',*,*,#1424,.F.);
#730=ORIENTED_EDGE('',*,*,#1243,.F.);
#731=ORIENTED_EDGE('',*,*,#1425,.F.);
#732=ORIENTED_EDGE('',*,*,#1426,.F.);
#733=ORIENTED_EDGE('',*,*,#1245,.T.);
#734=ORIENTED_EDGE('',*,*,#1427,.F.);
#735=ORIENTED_EDGE('',*,*,#1342,.F.);
#736=ORIENTED_EDGE('',*,*,#1428,.F.);
#737=ORIENTED_EDGE('',*,*,#1241,.T.);
#738=ORIENTED_EDGE('',*,*,#1429,.F.);
#739=ORIENTED_EDGE('',*,*,#1346,.F.);
#740=ORIENTED_EDGE('',*,*,#1348,.T.);
#741=ORIENTED_EDGE('',*,*,#1430,.F.);
#742=ORIENTED_EDGE('',*,*,#1239,.F.);
#743=ORIENTED_EDGE('',*,*,#1431,.F.);
#744=ORIENTED_EDGE('',*,*,#1340,.T.);
#745=ORIENTED_EDGE('',*,*,#1432,.F.);
#746=ORIENTED_EDGE('',*,*,#1247,.F.);
#747=ORIENTED_EDGE('',*,*,#1433,.F.);
#748=ORIENTED_EDGE('',*,*,#1431,.T.);
#749=ORIENTED_EDGE('',*,*,#1238,.T.);
#750=ORIENTED_EDGE('',*,*,#1164,.T.);
#751=ORIENTED_EDGE('',*,*,#1349,.F.);
#752=ORIENTED_EDGE('',*,*,#1162,.T.);
#753=ORIENTED_EDGE('',*,*,#1248,.T.);
#754=ORIENTED_EDGE('',*,*,#1432,.T.);
#755=ORIENTED_EDGE('',*,*,#1339,.F.);
#756=ORIENTED_EDGE('',*,*,#1433,.T.);
#757=ORIENTED_EDGE('',*,*,#1246,.T.);
#758=ORIENTED_EDGE('',*,*,#1426,.T.);
#759=ORIENTED_EDGE('',*,*,#1341,.F.);
#760=ORIENTED_EDGE('',*,*,#1429,.T.);
#761=ORIENTED_EDGE('',*,*,#1240,.T.);
#762=ORIENTED_EDGE('',*,*,#1430,.T.);
#763=ORIENTED_EDGE('',*,*,#1347,.F.);
#764=ORIENTED_EDGE('',*,*,#1427,.T.);
#765=ORIENTED_EDGE('',*,*,#1244,.T.);
#766=ORIENTED_EDGE('',*,*,#1424,.T.);
#767=ORIENTED_EDGE('',*,*,#1343,.F.);
#768=ORIENTED_EDGE('',*,*,#1425,.T.);
#769=ORIENTED_EDGE('',*,*,#1242,.T.);
#770=ORIENTED_EDGE('',*,*,#1428,.T.);
#771=ORIENTED_EDGE('',*,*,#1345,.F.);
#772=ORIENTED_EDGE('',*,*,#1434,.F.);
#773=ORIENTED_EDGE('',*,*,#1288,.T.);
#774=ORIENTED_EDGE('',*,*,#1435,.F.);
#775=ORIENTED_EDGE('',*,*,#1333,.F.);
#776=ORIENTED_EDGE('',*,*,#1436,.F.);
#777=ORIENTED_EDGE('',*,*,#1286,.T.);
#778=ORIENTED_EDGE('',*,*,#1437,.F.);
#779=ORIENTED_EDGE('',*,*,#1335,.F.);
#780=ORIENTED_EDGE('',*,*,#1438,.F.);
#781=ORIENTED_EDGE('',*,*,#1290,.T.);
#782=ORIENTED_EDGE('',*,*,#1439,.F.);
#783=ORIENTED_EDGE('',*,*,#1331,.F.);
#784=ORIENTED_EDGE('',*,*,#1337,.T.);
#785=ORIENTED_EDGE('',*,*,#1440,.F.);
#786=ORIENTED_EDGE('',*,*,#1284,.F.);
#787=ORIENTED_EDGE('',*,*,#1441,.F.);
#788=ORIENTED_EDGE('',*,*,#1329,.T.);
#789=ORIENTED_EDGE('',*,*,#1442,.F.);
#790=ORIENTED_EDGE('',*,*,#1292,.F.);
#791=ORIENTED_EDGE('',*,*,#1443,.F.);
#792=ORIENTED_EDGE('',*,*,#1441,.T.);
#793=ORIENTED_EDGE('',*,*,#1283,.T.);
#794=ORIENTED_EDGE('',*,*,#1143,.T.);
#795=ORIENTED_EDGE('',*,*,#1338,.F.);
#796=ORIENTED_EDGE('',*,*,#1141,.T.);
#797=ORIENTED_EDGE('',*,*,#1293,.T.);
#798=ORIENTED_EDGE('',*,*,#1442,.T.);
#799=ORIENTED_EDGE('',*,*,#1328,.F.);
#800=ORIENTED_EDGE('',*,*,#1443,.T.);
#801=ORIENTED_EDGE('',*,*,#1291,.T.);
#802=ORIENTED_EDGE('',*,*,#1438,.T.);
#803=ORIENTED_EDGE('',*,*,#1330,.F.);
#804=ORIENTED_EDGE('',*,*,#1437,.T.);
#805=ORIENTED_EDGE('',*,*,#1285,.T.);
#806=ORIENTED_EDGE('',*,*,#1440,.T.);
#807=ORIENTED_EDGE('',*,*,#1336,.F.);
#808=ORIENTED_EDGE('',*,*,#1439,.T.);
#809=ORIENTED_EDGE('',*,*,#1289,.T.);
#810=ORIENTED_EDGE('',*,*,#1434,.T.);
#811=ORIENTED_EDGE('',*,*,#1332,.F.);
#812=ORIENTED_EDGE('',*,*,#1435,.T.);
#813=ORIENTED_EDGE('',*,*,#1287,.T.);
#814=ORIENTED_EDGE('',*,*,#1436,.T.);
#815=ORIENTED_EDGE('',*,*,#1334,.F.);
#816=ORIENTED_EDGE('',*,*,#1320,.T.);
#817=ORIENTED_EDGE('',*,*,#1444,.F.);
#818=ORIENTED_EDGE('',*,*,#1228,.F.);
#819=ORIENTED_EDGE('',*,*,#1445,.F.);
#820=ORIENTED_EDGE('',*,*,#1446,.F.);
#821=ORIENTED_EDGE('',*,*,#1226,.T.);
#822=ORIENTED_EDGE('',*,*,#1447,.F.);
#823=ORIENTED_EDGE('',*,*,#1322,.F.);
#824=ORIENTED_EDGE('',*,*,#1324,.T.);
#825=ORIENTED_EDGE('',*,*,#1448,.F.);
#826=ORIENTED_EDGE('',*,*,#1224,.F.);
#827=ORIENTED_EDGE('',*,*,#1449,.F.);
#828=ORIENTED_EDGE('',*,*,#1450,.F.);
#829=ORIENTED_EDGE('',*,*,#1234,.T.);
#830=ORIENTED_EDGE('',*,*,#1451,.F.);
#831=ORIENTED_EDGE('',*,*,#1314,.F.);
#832=ORIENTED_EDGE('',*,*,#1452,.F.);
#833=ORIENTED_EDGE('',*,*,#1230,.T.);
#834=ORIENTED_EDGE('',*,*,#1453,.F.);
#835=ORIENTED_EDGE('',*,*,#1318,.F.);
#836=ORIENTED_EDGE('',*,*,#1326,.T.);
#837=ORIENTED_EDGE('',*,*,#1454,.F.);
#838=ORIENTED_EDGE('',*,*,#1222,.F.);
#839=ORIENTED_EDGE('',*,*,#1455,.F.);
#840=ORIENTED_EDGE('',*,*,#1312,.T.);
#841=ORIENTED_EDGE('',*,*,#1456,.F.);
#842=ORIENTED_EDGE('',*,*,#1236,.F.);
#843=ORIENTED_EDGE('',*,*,#1457,.F.);
#844=ORIENTED_EDGE('',*,*,#1316,.T.);
#845=ORIENTED_EDGE('',*,*,#1458,.F.);
#846=ORIENTED_EDGE('',*,*,#1232,.F.);
#847=ORIENTED_EDGE('',*,*,#1459,.F.);
#848=ORIENTED_EDGE('',*,*,#1455,.T.);
#849=ORIENTED_EDGE('',*,*,#1221,.T.);
#850=ORIENTED_EDGE('',*,*,#1171,.T.);
#851=ORIENTED_EDGE('',*,*,#1327,.F.);
#852=ORIENTED_EDGE('',*,*,#1169,.T.);
#853=ORIENTED_EDGE('',*,*,#1237,.T.);
#854=ORIENTED_EDGE('',*,*,#1456,.T.);
#855=ORIENTED_EDGE('',*,*,#1311,.F.);
#856=ORIENTED_EDGE('',*,*,#1449,.T.);
#857=ORIENTED_EDGE('',*,*,#1223,.T.);
#858=ORIENTED_EDGE('',*,*,#1454,.T.);
#859=ORIENTED_EDGE('',*,*,#1325,.F.);
#860=ORIENTED_EDGE('',*,*,#1459,.T.);
#861=ORIENTED_EDGE('',*,*,#1231,.T.);
#862=ORIENTED_EDGE('',*,*,#1452,.T.);
#863=ORIENTED_EDGE('',*,*,#1317,.F.);
#864=ORIENTED_EDGE('',*,*,#1451,.T.);
#865=ORIENTED_EDGE('',*,*,#1233,.T.);
#866=ORIENTED_EDGE('',*,*,#1458,.T.);
#867=ORIENTED_EDGE('',*,*,#1315,.F.);
#868=ORIENTED_EDGE('',*,*,#1457,.T.);
#869=ORIENTED_EDGE('',*,*,#1235,.T.);
#870=ORIENTED_EDGE('',*,*,#1450,.T.);
#871=ORIENTED_EDGE('',*,*,#1313,.F.);
#872=ORIENTED_EDGE('',*,*,#1447,.T.);
#873=ORIENTED_EDGE('',*,*,#1225,.T.);
#874=ORIENTED_EDGE('',*,*,#1448,.T.);
#875=ORIENTED_EDGE('',*,*,#1323,.F.);
#876=ORIENTED_EDGE('',*,*,#1445,.T.);
#877=ORIENTED_EDGE('',*,*,#1227,.T.);
#878=ORIENTED_EDGE('',*,*,#1446,.T.);
#879=ORIENTED_EDGE('',*,*,#1321,.F.);
#880=ORIENTED_EDGE('',*,*,#1453,.T.);
#881=ORIENTED_EDGE('',*,*,#1229,.T.);
#882=ORIENTED_EDGE('',*,*,#1444,.T.);
#883=ORIENTED_EDGE('',*,*,#1319,.F.);
#884=ORIENTED_EDGE('',*,*,#1460,.F.);
#885=ORIENTED_EDGE('',*,*,#1258,.T.);
#886=ORIENTED_EDGE('',*,*,#1461,.F.);
#887=ORIENTED_EDGE('',*,*,#1377,.F.);
#888=ORIENTED_EDGE('',*,*,#1462,.F.);
#889=ORIENTED_EDGE('',*,*,#1260,.T.);
#890=ORIENTED_EDGE('',*,*,#1463,.F.);
#891=ORIENTED_EDGE('',*,*,#1375,.F.);
#892=ORIENTED_EDGE('',*,*,#1464,.F.);
#893=ORIENTED_EDGE('',*,*,#1262,.T.);
#894=ORIENTED_EDGE('',*,*,#1465,.F.);
#895=ORIENTED_EDGE('',*,*,#1373,.F.);
#896=ORIENTED_EDGE('',*,*,#1466,.F.);
#897=ORIENTED_EDGE('',*,*,#1256,.T.);
#898=ORIENTED_EDGE('',*,*,#1467,.F.);
#899=ORIENTED_EDGE('',*,*,#1379,.F.);
#900=ORIENTED_EDGE('',*,*,#1468,.F.);
#901=ORIENTED_EDGE('',*,*,#1252,.T.);
#902=ORIENTED_EDGE('',*,*,#1469,.F.);
#903=ORIENTED_EDGE('',*,*,#1383,.F.);
#904=ORIENTED_EDGE('',*,*,#1385,.T.);
#905=ORIENTED_EDGE('',*,*,#1470,.F.);
#906=ORIENTED_EDGE('',*,*,#1250,.F.);
#907=ORIENTED_EDGE('',*,*,#1471,.F.);
#908=ORIENTED_EDGE('',*,*,#1371,.T.);
#909=ORIENTED_EDGE('',*,*,#1472,.F.);
#910=ORIENTED_EDGE('',*,*,#1264,.F.);
#911=ORIENTED_EDGE('',*,*,#1473,.F.);
#912=ORIENTED_EDGE('',*,*,#1381,.T.);
#913=ORIENTED_EDGE('',*,*,#1474,.F.);
#914=ORIENTED_EDGE('',*,*,#1254,.F.);
#915=ORIENTED_EDGE('',*,*,#1475,.F.);
#916=ORIENTED_EDGE('',*,*,#1155,.T.);
#917=ORIENTED_EDGE('',*,*,#1265,.T.);
#918=ORIENTED_EDGE('',*,*,#1472,.T.);
#919=ORIENTED_EDGE('',*,*,#1370,.F.);
#920=ORIENTED_EDGE('',*,*,#1471,.T.);
#921=ORIENTED_EDGE('',*,*,#1249,.T.);
#922=ORIENTED_EDGE('',*,*,#1157,.T.);
#923=ORIENTED_EDGE('',*,*,#1386,.F.);
#924=ORIENTED_EDGE('',*,*,#1473,.T.);
#925=ORIENTED_EDGE('',*,*,#1263,.T.);
#926=ORIENTED_EDGE('',*,*,#1464,.T.);
#927=ORIENTED_EDGE('',*,*,#1372,.F.);
#928=ORIENTED_EDGE('',*,*,#1467,.T.);
#929=ORIENTED_EDGE('',*,*,#1255,.T.);
#930=ORIENTED_EDGE('',*,*,#1474,.T.);
#931=ORIENTED_EDGE('',*,*,#1380,.F.);
#932=ORIENTED_EDGE('',*,*,#1475,.T.);
#933=ORIENTED_EDGE('',*,*,#1253,.T.);
#934=ORIENTED_EDGE('',*,*,#1468,.T.);
#935=ORIENTED_EDGE('',*,*,#1382,.F.);
#936=ORIENTED_EDGE('',*,*,#1469,.T.);
#937=ORIENTED_EDGE('',*,*,#1251,.T.);
#938=ORIENTED_EDGE('',*,*,#1470,.T.);
#939=ORIENTED_EDGE('',*,*,#1384,.F.);
#940=ORIENTED_EDGE('',*,*,#1465,.T.);
#941=ORIENTED_EDGE('',*,*,#1261,.T.);
#942=ORIENTED_EDGE('',*,*,#1462,.T.);
#943=ORIENTED_EDGE('',*,*,#1374,.F.);
#944=ORIENTED_EDGE('',*,*,#1463,.T.);
#945=ORIENTED_EDGE('',*,*,#1259,.T.);
#946=ORIENTED_EDGE('',*,*,#1460,.T.);
#947=ORIENTED_EDGE('',*,*,#1376,.F.);
#948=ORIENTED_EDGE('',*,*,#1461,.T.);
#949=ORIENTED_EDGE('',*,*,#1257,.T.);
#950=ORIENTED_EDGE('',*,*,#1466,.T.);
#951=ORIENTED_EDGE('',*,*,#1378,.F.);
#952=ORIENTED_EDGE('',*,*,#1476,.F.);
#953=ORIENTED_EDGE('',*,*,#1207,.T.);
#954=ORIENTED_EDGE('',*,*,#1477,.F.);
#955=ORIENTED_EDGE('',*,*,#1307,.F.);
#956=ORIENTED_EDGE('',*,*,#1478,.F.);
#957=ORIENTED_EDGE('',*,*,#1211,.T.);
#958=ORIENTED_EDGE('',*,*,#1479,.F.);
#959=ORIENTED_EDGE('',*,*,#1303,.F.);
#960=ORIENTED_EDGE('',*,*,#1480,.F.);
#961=ORIENTED_EDGE('',*,*,#1215,.T.);
#962=ORIENTED_EDGE('',*,*,#1481,.F.);
#963=ORIENTED_EDGE('',*,*,#1299,.F.);
#964=ORIENTED_EDGE('',*,*,#1297,.T.);
#965=ORIENTED_EDGE('',*,*,#1482,.F.);
#966=ORIENTED_EDGE('',*,*,#1217,.F.);
#967=ORIENTED_EDGE('',*,*,#1483,.F.);
#968=ORIENTED_EDGE('',*,*,#1301,.T.);
#969=ORIENTED_EDGE('',*,*,#1484,.F.);
#970=ORIENTED_EDGE('',*,*,#1213,.F.);
#971=ORIENTED_EDGE('',*,*,#1485,.F.);
#972=ORIENTED_EDGE('',*,*,#1309,.T.);
#973=ORIENTED_EDGE('',*,*,#1486,.F.);
#974=ORIENTED_EDGE('',*,*,#1205,.F.);
#975=ORIENTED_EDGE('',*,*,#1487,.F.);
#976=ORIENTED_EDGE('',*,*,#1295,.T.);
#977=ORIENTED_EDGE('',*,*,#1488,.F.);
#978=ORIENTED_EDGE('',*,*,#1219,.F.);
#979=ORIENTED_EDGE('',*,*,#1489,.F.);
#980=ORIENTED_EDGE('',*,*,#1305,.T.);
#981=ORIENTED_EDGE('',*,*,#1490,.F.);
#982=ORIENTED_EDGE('',*,*,#1209,.F.);
#983=ORIENTED_EDGE('',*,*,#1491,.F.);
#984=ORIENTED_EDGE('',*,*,#1133,.T.);
#985=ORIENTED_EDGE('',*,*,#1220,.T.);
#986=ORIENTED_EDGE('',*,*,#1488,.T.);
#987=ORIENTED_EDGE('',*,*,#1294,.F.);
#988=ORIENTED_EDGE('',*,*,#1487,.T.);
#989=ORIENTED_EDGE('',*,*,#1204,.T.);
#990=ORIENTED_EDGE('',*,*,#1135,.T.);
#991=ORIENTED_EDGE('',*,*,#1310,.F.);
#992=ORIENTED_EDGE('',*,*,#1489,.T.);
#993=ORIENTED_EDGE('',*,*,#1218,.T.);
#994=ORIENTED_EDGE('',*,*,#1482,.T.);
#995=ORIENTED_EDGE('',*,*,#1296,.F.);
#996=ORIENTED_EDGE('',*,*,#1479,.T.);
#997=ORIENTED_EDGE('',*,*,#1210,.T.);
#998=ORIENTED_EDGE('',*,*,#1490,.T.);
#999=ORIENTED_EDGE('',*,*,#1304,.F.);
#1000=ORIENTED_EDGE('',*,*,#1491,.T.);
#1001=ORIENTED_EDGE('',*,*,#1208,.T.);
#1002=ORIENTED_EDGE('',*,*,#1476,.T.);
#1003=ORIENTED_EDGE('',*,*,#1306,.F.);
#1004=ORIENTED_EDGE('',*,*,#1477,.T.);
#1005=ORIENTED_EDGE('',*,*,#1206,.T.);
#1006=ORIENTED_EDGE('',*,*,#1486,.T.);
#1007=ORIENTED_EDGE('',*,*,#1308,.F.);
#1008=ORIENTED_EDGE('',*,*,#1483,.T.);
#1009=ORIENTED_EDGE('',*,*,#1216,.T.);
#1010=ORIENTED_EDGE('',*,*,#1480,.T.);
#1011=ORIENTED_EDGE('',*,*,#1298,.F.);
#1012=ORIENTED_EDGE('',*,*,#1481,.T.);
#1013=ORIENTED_EDGE('',*,*,#1214,.T.);
#1014=ORIENTED_EDGE('',*,*,#1484,.T.);
#1015=ORIENTED_EDGE('',*,*,#1300,.F.);
#1016=ORIENTED_EDGE('',*,*,#1485,.T.);
#1017=ORIENTED_EDGE('',*,*,#1212,.T.);
#1018=ORIENTED_EDGE('',*,*,#1478,.T.);
#1019=ORIENTED_EDGE('',*,*,#1302,.F.);
#1020=ORIENTED_EDGE('',*,*,#1492,.F.);
#1021=ORIENTED_EDGE('',*,*,#1273,.T.);
#1022=ORIENTED_EDGE('',*,*,#1493,.F.);
#1023=ORIENTED_EDGE('',*,*,#1396,.F.);
#1024=ORIENTED_EDGE('',*,*,#1494,.F.);
#1025=ORIENTED_EDGE('',*,*,#1271,.T.);
#1026=ORIENTED_EDGE('',*,*,#1495,.F.);
#1027=ORIENTED_EDGE('',*,*,#1398,.F.);
#1028=ORIENTED_EDGE('',*,*,#1496,.F.);
#1029=ORIENTED_EDGE('',*,*,#1269,.T.);
#1030=ORIENTED_EDGE('',*,*,#1497,.F.);
#1031=ORIENTED_EDGE('',*,*,#1400,.F.);
#1032=ORIENTED_EDGE('',*,*,#1498,.F.);
#1033=ORIENTED_EDGE('',*,*,#1279,.T.);
#1034=ORIENTED_EDGE('',*,*,#1499,.F.);
#1035=ORIENTED_EDGE('',*,*,#1390,.F.);
#1036=ORIENTED_EDGE('',*,*,#1500,.F.);
#1037=ORIENTED_EDGE('',*,*,#1275,.T.);
#1038=ORIENTED_EDGE('',*,*,#1501,.F.);
#1039=ORIENTED_EDGE('',*,*,#1394,.F.);
#1040=ORIENTED_EDGE('',*,*,#1402,.T.);
#1041=ORIENTED_EDGE('',*,*,#1502,.F.);
#1042=ORIENTED_EDGE('',*,*,#1267,.F.);
#1043=ORIENTED_EDGE('',*,*,#1503,.F.);
#1044=ORIENTED_EDGE('',*,*,#1388,.T.);
#1045=ORIENTED_EDGE('',*,*,#1504,.F.);
#1046=ORIENTED_EDGE('',*,*,#1281,.F.);
#1047=ORIENTED_EDGE('',*,*,#1505,.F.);
#1048=ORIENTED_EDGE('',*,*,#1392,.T.);
#1049=ORIENTED_EDGE('',*,*,#1506,.F.);
#1050=ORIENTED_EDGE('',*,*,#1277,.F.);
#1051=ORIENTED_EDGE('',*,*,#1507,.F.);
#1052=ORIENTED_EDGE('',*,*,#1503,.T.);
#1053=ORIENTED_EDGE('',*,*,#1266,.T.);
#1054=ORIENTED_EDGE('',*,*,#1150,.T.);
#1055=ORIENTED_EDGE('',*,*,#1403,.F.);
#1056=ORIENTED_EDGE('',*,*,#1148,.T.);
#1057=ORIENTED_EDGE('',*,*,#1282,.T.);
#1058=ORIENTED_EDGE('',*,*,#1504,.T.);
#1059=ORIENTED_EDGE('',*,*,#1387,.F.);
#1060=ORIENTED_EDGE('',*,*,#1497,.T.);
#1061=ORIENTED_EDGE('',*,*,#1268,.T.);
#1062=ORIENTED_EDGE('',*,*,#1502,.T.);
#1063=ORIENTED_EDGE('',*,*,#1401,.F.);
#1064=ORIENTED_EDGE('',*,*,#1507,.T.);
#1065=ORIENTED_EDGE('',*,*,#1276,.T.);
#1066=ORIENTED_EDGE('',*,*,#1500,.T.);
#1067=ORIENTED_EDGE('',*,*,#1393,.F.);
#1068=ORIENTED_EDGE('',*,*,#1499,.T.);
#1069=ORIENTED_EDGE('',*,*,#1278,.T.);
#1070=ORIENTED_EDGE('',*,*,#1506,.T.);
#1071=ORIENTED_EDGE('',*,*,#1391,.F.);
#1072=ORIENTED_EDGE('',*,*,#1505,.T.);
#1073=ORIENTED_EDGE('',*,*,#1280,.T.);
#1074=ORIENTED_EDGE('',*,*,#1498,.T.);
#1075=ORIENTED_EDGE('',*,*,#1389,.F.);
#1076=ORIENTED_EDGE('',*,*,#1495,.T.);
#1077=ORIENTED_EDGE('',*,*,#1270,.T.);
#1078=ORIENTED_EDGE('',*,*,#1496,.T.);
#1079=ORIENTED_EDGE('',*,*,#1399,.F.);
#1080=ORIENTED_EDGE('',*,*,#1493,.T.);
#1081=ORIENTED_EDGE('',*,*,#1272,.T.);
#1082=ORIENTED_EDGE('',*,*,#1494,.T.);
#1083=ORIENTED_EDGE('',*,*,#1397,.F.);
#1084=ORIENTED_EDGE('',*,*,#1501,.T.);
#1085=ORIENTED_EDGE('',*,*,#1274,.T.);
#1086=ORIENTED_EDGE('',*,*,#1492,.T.);
#1087=ORIENTED_EDGE('',*,*,#1395,.F.);
#1088=ORIENTED_EDGE('',*,*,#1177,.F.);
#1089=ORIENTED_EDGE('',*,*,#1182,.T.);
#1090=ORIENTED_EDGE('',*,*,#1176,.F.);
#1091=ORIENTED_EDGE('',*,*,#1181,.T.);
#1092=ORIENTED_EDGE('',*,*,#1175,.F.);
#1093=ORIENTED_EDGE('',*,*,#1180,.T.);
#1094=ORIENTED_EDGE('',*,*,#1174,.F.);
#1095=ORIENTED_EDGE('',*,*,#1179,.T.);
#1096=EDGE_CURVE('',#1508,#1509,#1798,.T.);
#1097=EDGE_CURVE('',#1508,#1510,#78,.T.);
#1098=EDGE_CURVE('',#1510,#1511,#1799,.T.);
#1099=EDGE_CURVE('',#1509,#1511,#79,.T.);
#1100=EDGE_CURVE('',#1512,#1513,#1800,.T.);
#1101=EDGE_CURVE('',#1512,#1514,#80,.T.);
#1102=EDGE_CURVE('',#1514,#1515,#1801,.T.);
#1103=EDGE_CURVE('',#1513,#1515,#81,.T.);
#1104=EDGE_CURVE('',#1516,#1517,#1802,.T.);
#1105=EDGE_CURVE('',#1516,#1518,#82,.T.);
#1106=EDGE_CURVE('',#1518,#1519,#1803,.T.);
#1107=EDGE_CURVE('',#1517,#1519,#83,.T.);
#1108=EDGE_CURVE('',#1520,#1521,#1804,.T.);
#1109=EDGE_CURVE('',#1520,#1522,#84,.T.);
#1110=EDGE_CURVE('',#1522,#1523,#1805,.T.);
#1111=EDGE_CURVE('',#1521,#1523,#85,.T.);
#1112=EDGE_CURVE('',#1524,#1525,#1806,.T.);
#1113=EDGE_CURVE('',#1524,#1526,#86,.T.);
#1114=EDGE_CURVE('',#1526,#1527,#1807,.T.);
#1115=EDGE_CURVE('',#1525,#1527,#87,.T.);
#1116=EDGE_CURVE('',#1528,#1529,#1808,.T.);
#1117=EDGE_CURVE('',#1528,#1530,#88,.T.);
#1118=EDGE_CURVE('',#1530,#1531,#1809,.T.);
#1119=EDGE_CURVE('',#1529,#1531,#89,.T.);
#1120=EDGE_CURVE('',#1510,#1528,#1810,.T.);
#1121=EDGE_CURVE('',#1529,#1511,#1811,.T.);
#1122=EDGE_CURVE('',#1514,#1508,#1812,.T.);
#1123=EDGE_CURVE('',#1509,#1515,#1813,.T.);
#1124=EDGE_CURVE('',#1518,#1512,#1814,.T.);
#1125=EDGE_CURVE('',#1513,#1519,#1815,.T.);
#1126=EDGE_CURVE('',#1522,#1516,#1816,.T.);
#1127=EDGE_CURVE('',#1517,#1523,#1817,.T.);
#1128=EDGE_CURVE('',#1526,#1520,#1818,.T.);
#1129=EDGE_CURVE('',#1521,#1527,#1819,.T.);
#1130=EDGE_CURVE('',#1530,#1524,#1820,.T.);
#1131=EDGE_CURVE('',#1525,#1531,#1821,.T.);
#1132=EDGE_CURVE('',#1532,#1533,#1822,.T.);
#1133=EDGE_CURVE('',#1534,#1533,#1823,.F.);
#1134=EDGE_CURVE('',#1534,#1535,#1824,.T.);
#1135=EDGE_CURVE('',#1536,#1535,#1825,.T.);
#1136=EDGE_CURVE('',#1536,#1537,#1826,.T.);
#1137=EDGE_CURVE('',#1538,#1537,#1827,.T.);
#1138=EDGE_CURVE('',#1539,#1538,#1828,.T.);
#1139=EDGE_CURVE('',#1539,#1532,#1829,.T.);
#1140=EDGE_CURVE('',#1537,#1540,#1830,.T.);
#1141=EDGE_CURVE('',#1541,#1540,#1831,.F.);
#1142=EDGE_CURVE('',#1541,#1542,#1832,.T.);
#1143=EDGE_CURVE('',#1543,#1542,#1833,.F.);
#1144=EDGE_CURVE('',#1543,#1544,#1834,.T.);
#1145=EDGE_CURVE('',#1545,#1544,#1835,.T.);
#1146=EDGE_CURVE('',#1538,#1545,#1836,.T.);
#1147=EDGE_CURVE('',#1544,#1546,#1837,.T.);
#1148=EDGE_CURVE('',#1547,#1546,#1838,.T.);
#1149=EDGE_CURVE('',#1547,#1548,#1839,.T.);
#1150=EDGE_CURVE('',#1549,#1548,#1840,.F.);
#1151=EDGE_CURVE('',#1549,#1550,#1841,.T.);
#1152=EDGE_CURVE('',#1551,#1550,#1842,.T.);
#1153=EDGE_CURVE('',#1545,#1551,#1843,.T.);
#1154=EDGE_CURVE('',#1550,#1552,#1844,.T.);
#1155=EDGE_CURVE('',#1553,#1552,#1845,.F.);
#1156=EDGE_CURVE('',#1553,#1554,#1846,.T.);
#1157=EDGE_CURVE('',#1555,#1554,#1847,.T.);
#1158=EDGE_CURVE('',#1555,#1556,#1848,.T.);
#1159=EDGE_CURVE('',#1557,#1556,#1849,.T.);
#1160=EDGE_CURVE('',#1551,#1557,#1850,.T.);
#1161=EDGE_CURVE('',#1556,#1558,#1851,.T.);
#1162=EDGE_CURVE('',#1559,#1558,#1852,.T.);
#1163=EDGE_CURVE('',#1559,#1560,#1853,.T.);
#1164=EDGE_CURVE('',#1561,#1560,#1854,.F.);
#1165=EDGE_CURVE('',#1561,#1562,#1855,.T.);
#1166=EDGE_CURVE('',#1563,#1562,#1856,.T.);
#1167=EDGE_CURVE('',#1557,#1563,#1857,.T.);
#1168=EDGE_CURVE('',#1562,#1564,#1858,.T.);
#1169=EDGE_CURVE('',#1565,#1564,#1859,.F.);
#1170=EDGE_CURVE('',#1565,#1566,#1860,.T.);
#1171=EDGE_CURVE('',#1567,#1566,#1861,.T.);
#1172=EDGE_CURVE('',#1567,#1532,#1862,.T.);
#1173=EDGE_CURVE('',#1563,#1539,#1863,.T.);
#1174=EDGE_CURVE('',#1568,#1568,#90,.F.);
#1175=EDGE_CURVE('',#1569,#1569,#91,.F.);
#1176=EDGE_CURVE('',#1570,#1570,#92,.F.);
#1177=EDGE_CURVE('',#1571,#1571,#93,.F.);
#1178=EDGE_CURVE('',#1572,#1572,#94,.T.);
#1179=EDGE_CURVE('',#1573,#1573,#95,.F.);
#1180=EDGE_CURVE('',#1574,#1574,#96,.F.);
#1181=EDGE_CURVE('',#1575,#1575,#97,.F.);
#1182=EDGE_CURVE('',#1576,#1576,#98,.F.);
#1183=EDGE_CURVE('',#1577,#1577,#99,.T.);
#1184=EDGE_CURVE('',#1578,#1579,#1864,.T.);
#1185=EDGE_CURVE('',#1579,#1580,#100,.T.);
#1186=EDGE_CURVE('',#1580,#1581,#1865,.T.);
#1187=EDGE_CURVE('',#1581,#1582,#101,.T.);
#1188=EDGE_CURVE('',#1583,#1582,#1866,.T.);
#1189=EDGE_CURVE('',#1583,#1584,#102,.T.);
#1190=EDGE_CURVE('',#1585,#1584,#1867,.T.);
#1191=EDGE_CURVE('',#1585,#1578,#103,.T.);
#1192=EDGE_CURVE('',#1586,#1586,#104,.T.);
#1193=EDGE_CURVE('',#1587,#1587,#105,.T.);
#1194=EDGE_CURVE('',#1588,#1588,#106,.T.);
#1195=EDGE_CURVE('',#1589,#1589,#107,.T.);
#1196=EDGE_CURVE('',#1590,#1590,#108,.T.);
#1197=EDGE_CURVE('',#1591,#1591,#109,.T.);
#1198=EDGE_CURVE('',#1592,#1592,#110,.T.);
#1199=EDGE_CURVE('',#1593,#1593,#111,.T.);
#1200=EDGE_CURVE('',#1594,#1594,#112,.T.);
#1201=EDGE_CURVE('',#1595,#1595,#113,.T.);
#1202=EDGE_CURVE('',#1596,#1596,#114,.T.);
#1203=EDGE_CURVE('',#1597,#1597,#115,.T.);
#1204=EDGE_CURVE('',#1598,#1536,#116,.T.);
#1205=EDGE_CURVE('',#1598,#1599,#1868,.T.);
#1206=EDGE_CURVE('',#1600,#1599,#117,.T.);
#1207=EDGE_CURVE('',#1601,#1600,#118,.F.);
#1208=EDGE_CURVE('',#1602,#1601,#119,.T.);
#1209=EDGE_CURVE('',#1602,#1603,#1869,.T.);
#1210=EDGE_CURVE('',#1604,#1603,#120,.T.);
#1211=EDGE_CURVE('',#1605,#1604,#121,.F.);
#1212=EDGE_CURVE('',#1606,#1605,#122,.T.);
#1213=EDGE_CURVE('',#1606,#1607,#1870,.T.);
#1214=EDGE_CURVE('',#1608,#1607,#123,.T.);
#1215=EDGE_CURVE('',#1609,#1608,#124,.F.);
#1216=EDGE_CURVE('',#1610,#1609,#125,.T.);
#1217=EDGE_CURVE('',#1610,#1611,#1871,.T.);
#1218=EDGE_CURVE('',#1612,#1611,#126,.T.);
#1219=EDGE_CURVE('',#1612,#1613,#1872,.T.);
#1220=EDGE_CURVE('',#1533,#1613,#127,.T.);
#1221=EDGE_CURVE('',#1614,#1567,#128,.T.);
#1222=EDGE_CURVE('',#1614,#1615,#1873,.T.);
#1223=EDGE_CURVE('',#1616,#1615,#129,.T.);
#1224=EDGE_CURVE('',#1616,#1617,#1874,.T.);
#1225=EDGE_CURVE('',#1618,#1617,#130,.T.);
#1226=EDGE_CURVE('',#1619,#1618,#131,.F.);
#1227=EDGE_CURVE('',#1620,#1619,#132,.T.);
#1228=EDGE_CURVE('',#1620,#1621,#1875,.T.);
#1229=EDGE_CURVE('',#1622,#1621,#133,.T.);
#1230=EDGE_CURVE('',#1623,#1622,#134,.F.);
#1231=EDGE_CURVE('',#1624,#1623,#135,.T.);
#1232=EDGE_CURVE('',#1624,#1625,#1876,.T.);
#1233=EDGE_CURVE('',#1626,#1625,#136,.T.);
#1234=EDGE_CURVE('',#1627,#1626,#137,.F.);
#1235=EDGE_CURVE('',#1628,#1627,#138,.T.);
#1236=EDGE_CURVE('',#1628,#1629,#1877,.T.);
#1237=EDGE_CURVE('',#1564,#1629,#139,.T.);
#1238=EDGE_CURVE('',#1630,#1561,#140,.T.);
#1239=EDGE_CURVE('',#1630,#1631,#1878,.T.);
#1240=EDGE_CURVE('',#1632,#1631,#141,.T.);
#1241=EDGE_CURVE('',#1633,#1632,#142,.F.);
#1242=EDGE_CURVE('',#1634,#1633,#143,.T.);
#1243=EDGE_CURVE('',#1634,#1635,#1879,.T.);
#1244=EDGE_CURVE('',#1636,#1635,#144,.T.);
#1245=EDGE_CURVE('',#1637,#1636,#145,.F.);
#1246=EDGE_CURVE('',#1638,#1637,#146,.T.);
#1247=EDGE_CURVE('',#1638,#1639,#1880,.T.);
#1248=EDGE_CURVE('',#1558,#1639,#147,.T.);
#1249=EDGE_CURVE('',#1640,#1555,#148,.T.);
#1250=EDGE_CURVE('',#1640,#1641,#1881,.T.);
#1251=EDGE_CURVE('',#1642,#1641,#149,.T.);
#1252=EDGE_CURVE('',#1643,#1642,#150,.F.);
#1253=EDGE_CURVE('',#1644,#1643,#151,.T.);
#1254=EDGE_CURVE('',#1644,#1645,#1882,.T.);
#1255=EDGE_CURVE('',#1646,#1645,#152,.T.);
#1256=EDGE_CURVE('',#1647,#1646,#153,.F.);
#1257=EDGE_CURVE('',#1648,#1647,#154,.T.);
#1258=EDGE_CURVE('',#1649,#1648,#1883,.T.);
#1259=EDGE_CURVE('',#1650,#1649,#155,.T.);
#1260=EDGE_CURVE('',#1651,#1650,#156,.F.);
#1261=EDGE_CURVE('',#1652,#1651,#157,.T.);
#1262=EDGE_CURVE('',#1653,#1652,#1884,.T.);
#1263=EDGE_CURVE('',#1654,#1653,#158,.T.);
#1264=EDGE_CURVE('',#1654,#1655,#1885,.T.);
#1265=EDGE_CURVE('',#1552,#1655,#159,.T.);
#1266=EDGE_CURVE('',#1656,#1549,#160,.T.);
#1267=EDGE_CURVE('',#1656,#1657,#1886,.T.);
#1268=EDGE_CURVE('',#1658,#1657,#161,.T.);
#1269=EDGE_CURVE('',#1659,#1658,#1887,.T.);
#1270=EDGE_CURVE('',#1660,#1659,#162,.T.);
#1271=EDGE_CURVE('',#1661,#1660,#163,.F.);
#1272=EDGE_CURVE('',#1662,#1661,#164,.T.);
#1273=EDGE_CURVE('',#1663,#1662,#1888,.T.);
#1274=EDGE_CURVE('',#1664,#1663,#165,.T.);
#1275=EDGE_CURVE('',#1665,#1664,#166,.F.);
#1276=EDGE_CURVE('',#1666,#1665,#167,.T.);
#1277=EDGE_CURVE('',#1666,#1667,#1889,.T.);
#1278=EDGE_CURVE('',#1668,#1667,#168,.T.);
#1279=EDGE_CURVE('',#1669,#1668,#169,.F.);
#1280=EDGE_CURVE('',#1670,#1669,#170,.T.);
#1281=EDGE_CURVE('',#1670,#1671,#1890,.T.);
#1282=EDGE_CURVE('',#1546,#1671,#171,.T.);
#1283=EDGE_CURVE('',#1672,#1543,#172,.T.);
#1284=EDGE_CURVE('',#1672,#1673,#1891,.T.);
#1285=EDGE_CURVE('',#1674,#1673,#173,.T.);
#1286=EDGE_CURVE('',#1675,#1674,#174,.F.);
#1287=EDGE_CURVE('',#1676,#1675,#175,.T.);
#1288=EDGE_CURVE('',#1677,#1676,#1892,.T.);
#1289=EDGE_CURVE('',#1678,#1677,#176,.T.);
#1290=EDGE_CURVE('',#1679,#1678,#177,.F.);
#1291=EDGE_CURVE('',#1680,#1679,#178,.T.);
#1292=EDGE_CURVE('',#1680,#1681,#1893,.T.);
#1293=EDGE_CURVE('',#1540,#1681,#179,.T.);
#1294=EDGE_CURVE('',#1534,#1682,#180,.T.);
#1295=EDGE_CURVE('',#1683,#1682,#1894,.T.);
#1296=EDGE_CURVE('',#1683,#1684,#181,.T.);
#1297=EDGE_CURVE('',#1685,#1684,#1895,.T.);
#1298=EDGE_CURVE('',#1685,#1686,#182,.T.);
#1299=EDGE_CURVE('',#1686,#1687,#183,.F.);
#1300=EDGE_CURVE('',#1687,#1688,#184,.T.);
#1301=EDGE_CURVE('',#1689,#1688,#1896,.T.);
#1302=EDGE_CURVE('',#1689,#1690,#185,.T.);
#1303=EDGE_CURVE('',#1690,#1691,#186,.F.);
#1304=EDGE_CURVE('',#1691,#1692,#187,.T.);
#1305=EDGE_CURVE('',#1693,#1692,#1897,.T.);
#1306=EDGE_CURVE('',#1693,#1694,#188,.T.);
#1307=EDGE_CURVE('',#1694,#1695,#189,.F.);
#1308=EDGE_CURVE('',#1695,#1696,#190,.T.);
#1309=EDGE_CURVE('',#1697,#1696,#1898,.T.);
#1310=EDGE_CURVE('',#1697,#1535,#191,.T.);
#1311=EDGE_CURVE('',#1565,#1698,#192,.T.);
#1312=EDGE_CURVE('',#1699,#1698,#1899,.T.);
#1313=EDGE_CURVE('',#1699,#1700,#193,.T.);
#1314=EDGE_CURVE('',#1700,#1701,#194,.F.);
#1315=EDGE_CURVE('',#1701,#1702,#195,.T.);
#1316=EDGE_CURVE('',#1703,#1702,#1900,.T.);
#1317=EDGE_CURVE('',#1703,#1704,#196,.T.);
#1318=EDGE_CURVE('',#1704,#1705,#197,.F.);
#1319=EDGE_CURVE('',#1705,#1706,#198,.T.);
#1320=EDGE_CURVE('',#1707,#1706,#1901,.T.);
#1321=EDGE_CURVE('',#1707,#1708,#199,.T.);
#1322=EDGE_CURVE('',#1708,#1709,#200,.F.);
#1323=EDGE_CURVE('',#1709,#1710,#201,.T.);
#1324=EDGE_CURVE('',#1711,#1710,#1902,.T.);
#1325=EDGE_CURVE('',#1711,#1712,#202,.T.);
#1326=EDGE_CURVE('',#1713,#1712,#1903,.T.);
#1327=EDGE_CURVE('',#1713,#1566,#203,.T.);
#1328=EDGE_CURVE('',#1541,#1714,#204,.T.);
#1329=EDGE_CURVE('',#1715,#1714,#1904,.T.);
#1330=EDGE_CURVE('',#1715,#1716,#205,.T.);
#1331=EDGE_CURVE('',#1716,#1717,#206,.F.);
#1332=EDGE_CURVE('',#1717,#1718,#207,.T.);
#1333=EDGE_CURVE('',#1718,#1719,#1905,.T.);
#1334=EDGE_CURVE('',#1719,#1720,#208,.T.);
#1335=EDGE_CURVE('',#1720,#1721,#209,.F.);
#1336=EDGE_CURVE('',#1721,#1722,#210,.T.);
#1337=EDGE_CURVE('',#1723,#1722,#1906,.T.);
#1338=EDGE_CURVE('',#1723,#1542,#211,.T.);
#1339=EDGE_CURVE('',#1559,#1724,#212,.T.);
#1340=EDGE_CURVE('',#1725,#1724,#1907,.T.);
#1341=EDGE_CURVE('',#1725,#1726,#213,.T.);
#1342=EDGE_CURVE('',#1726,#1727,#214,.F.);
#1343=EDGE_CURVE('',#1727,#1728,#215,.T.);
#1344=EDGE_CURVE('',#1729,#1728,#1908,.T.);
#1345=EDGE_CURVE('',#1729,#1730,#216,.T.);
#1346=EDGE_CURVE('',#1730,#1731,#217,.F.);
#1347=EDGE_CURVE('',#1731,#1732,#218,.T.);
#1348=EDGE_CURVE('',#1733,#1732,#1909,.T.);
#1349=EDGE_CURVE('',#1733,#1560,#219,.T.);
#1350=EDGE_CURVE('',#1734,#1734,#220,.F.);
#1351=EDGE_CURVE('',#1735,#1735,#221,.F.);
#1352=EDGE_CURVE('',#1736,#1736,#222,.F.);
#1353=EDGE_CURVE('',#1737,#1737,#223,.F.);
#1354=EDGE_CURVE('',#1738,#1738,#224,.F.);
#1355=EDGE_CURVE('',#1739,#1739,#225,.F.);
#1356=EDGE_CURVE('',#1740,#1740,#226,.F.);
#1357=EDGE_CURVE('',#1741,#1741,#227,.F.);
#1358=EDGE_CURVE('',#1742,#1742,#228,.F.);
#1359=EDGE_CURVE('',#1743,#1743,#229,.F.);
#1360=EDGE_CURVE('',#1744,#1744,#230,.F.);
#1361=EDGE_CURVE('',#1745,#1745,#231,.F.);
#1362=EDGE_CURVE('',#1746,#1747,#1910,.T.);
#1363=EDGE_CURVE('',#1747,#1748,#232,.F.);
#1364=EDGE_CURVE('',#1749,#1748,#1911,.T.);
#1365=EDGE_CURVE('',#1749,#1750,#233,.F.);
#1366=EDGE_CURVE('',#1751,#1750,#1912,.T.);
#1367=EDGE_CURVE('',#1751,#1752,#234,.F.);
#1368=EDGE_CURVE('',#1752,#1753,#1913,.T.);
#1369=EDGE_CURVE('',#1753,#1746,#235,.F.);
#1370=EDGE_CURVE('',#1553,#1754,#236,.T.);
#1371=EDGE_CURVE('',#1755,#1754,#1914,.T.);
#1372=EDGE_CURVE('',#1755,#1756,#237,.T.);
#1373=EDGE_CURVE('',#1756,#1757,#1915,.T.);
#1374=EDGE_CURVE('',#1757,#1758,#238,.T.);
#1375=EDGE_CURVE('',#1758,#1759,#239,.F.);
#1376=EDGE_CURVE('',#1759,#1760,#240,.T.);
#1377=EDGE_CURVE('',#1760,#1761,#1916,.T.);
#1378=EDGE_CURVE('',#1761,#1762,#241,.T.);
#1379=EDGE_CURVE('',#1762,#1763,#242,.F.);
#1380=EDGE_CURVE('',#1763,#1764,#243,.T.);
#1381=EDGE_CURVE('',#1765,#1764,#1917,.T.);
#1382=EDGE_CURVE('',#1765,#1766,#244,.T.);
#1383=EDGE_CURVE('',#1766,#1767,#245,.F.);
#1384=EDGE_CURVE('',#1767,#1768,#246,.T.);
#1385=EDGE_CURVE('',#1769,#1768,#1918,.T.);
#1386=EDGE_CURVE('',#1769,#1554,#247,.T.);
#1387=EDGE_CURVE('',#1547,#1770,#248,.T.);
#1388=EDGE_CURVE('',#1771,#1770,#1919,.T.);
#1389=EDGE_CURVE('',#1771,#1772,#249,.T.);
#1390=EDGE_CURVE('',#1772,#1773,#250,.F.);
#1391=EDGE_CURVE('',#1773,#1774,#251,.T.);
#1392=EDGE_CURVE('',#1775,#1774,#1920,.T.);
#1393=EDGE_CURVE('',#1775,#1776,#252,.T.);
#1394=EDGE_CURVE('',#1776,#1777,#253,.F.);
#1395=EDGE_CURVE('',#1777,#1778,#254,.T.);
#1396=EDGE_CURVE('',#1778,#1779,#1921,.T.);
#1397=EDGE_CURVE('',#1779,#1780,#255,.T.);
#1398=EDGE_CURVE('',#1780,#1781,#256,.F.);
#1399=EDGE_CURVE('',#1781,#1782,#257,.T.);
#1400=EDGE_CURVE('',#1782,#1783,#1922,.T.);
#1401=EDGE_CURVE('',#1783,#1784,#258,.T.);
#1402=EDGE_CURVE('',#1785,#1784,#1923,.T.);
#1403=EDGE_CURVE('',#1785,#1548,#259,.T.);
#1404=EDGE_CURVE('',#1747,#1578,#1924,.T.);
#1405=EDGE_CURVE('',#1748,#1585,#1925,.T.);
#1406=EDGE_CURVE('',#1749,#1584,#1926,.T.);
#1407=EDGE_CURVE('',#1750,#1583,#1927,.T.);
#1408=EDGE_CURVE('',#1751,#1582,#1928,.T.);
#1409=EDGE_CURVE('',#1752,#1581,#1929,.T.);
#1410=EDGE_CURVE('',#1753,#1580,#1930,.T.);
#1411=EDGE_CURVE('',#1746,#1579,#1931,.T.);
#1412=EDGE_CURVE('',#1786,#1786,#260,.T.);
#1413=EDGE_CURVE('',#1787,#1787,#261,.T.);
#1414=EDGE_CURVE('',#1788,#1788,#262,.T.);
#1415=EDGE_CURVE('',#1789,#1789,#263,.T.);
#1416=EDGE_CURVE('',#1790,#1790,#264,.T.);
#1417=EDGE_CURVE('',#1791,#1791,#265,.T.);
#1418=EDGE_CURVE('',#1792,#1792,#266,.T.);
#1419=EDGE_CURVE('',#1793,#1793,#267,.T.);
#1420=EDGE_CURVE('',#1794,#1794,#268,.T.);
#1421=EDGE_CURVE('',#1795,#1795,#269,.T.);
#1422=EDGE_CURVE('',#1796,#1796,#270,.T.);
#1423=EDGE_CURVE('',#1797,#1797,#271,.T.);
#1424=EDGE_CURVE('',#1635,#1728,#1932,.T.);
#1425=EDGE_CURVE('',#1729,#1634,#1933,.F.);
#1426=EDGE_CURVE('',#1637,#1726,#1934,.F.);
#1427=EDGE_CURVE('',#1727,#1636,#1935,.T.);
#1428=EDGE_CURVE('',#1633,#1730,#1936,.F.);
#1429=EDGE_CURVE('',#1731,#1632,#1937,.T.);
#1430=EDGE_CURVE('',#1631,#1732,#1938,.T.);
#1431=EDGE_CURVE('',#1733,#1630,#1939,.T.);
#1432=EDGE_CURVE('',#1639,#1724,#1940,.F.);
#1433=EDGE_CURVE('',#1725,#1638,#1941,.F.);
#1434=EDGE_CURVE('',#1677,#1718,#1942,.F.);
#1435=EDGE_CURVE('',#1719,#1676,#1943,.T.);
#1436=EDGE_CURVE('',#1675,#1720,#1944,.F.);
#1437=EDGE_CURVE('',#1721,#1674,#1945,.T.);
#1438=EDGE_CURVE('',#1679,#1716,#1946,.F.);
#1439=EDGE_CURVE('',#1717,#1678,#1947,.T.);
#1440=EDGE_CURVE('',#1673,#1722,#1948,.T.);
#1441=EDGE_CURVE('',#1723,#1672,#1949,.T.);
#1442=EDGE_CURVE('',#1681,#1714,#1950,.T.);
#1443=EDGE_CURVE('',#1715,#1680,#1951,.F.);
#1444=EDGE_CURVE('',#1621,#1706,#1952,.T.);
#1445=EDGE_CURVE('',#1707,#1620,#1953,.F.);
#1446=EDGE_CURVE('',#1619,#1708,#1954,.F.);
#1447=EDGE_CURVE('',#1709,#1618,#1955,.T.);
#1448=EDGE_CURVE('',#1617,#1710,#1956,.T.);
#1449=EDGE_CURVE('',#1711,#1616,#1957,.F.);
#1450=EDGE_CURVE('',#1627,#1700,#1958,.F.);
#1451=EDGE_CURVE('',#1701,#1626,#1959,.T.);
#1452=EDGE_CURVE('',#1623,#1704,#1960,.F.);
#1453=EDGE_CURVE('',#1705,#1622,#1961,.T.);
#1454=EDGE_CURVE('',#1615,#1712,#1962,.T.);
#1455=EDGE_CURVE('',#1713,#1614,#1963,.F.);
#1456=EDGE_CURVE('',#1629,#1698,#1964,.T.);
#1457=EDGE_CURVE('',#1699,#1628,#1965,.F.);
#1458=EDGE_CURVE('',#1625,#1702,#1966,.T.);
#1459=EDGE_CURVE('',#1703,#1624,#1967,.F.);
#1460=EDGE_CURVE('',#1649,#1760,#1968,.F.);
#1461=EDGE_CURVE('',#1761,#1648,#1969,.T.);
#1462=EDGE_CURVE('',#1651,#1758,#1970,.F.);
#1463=EDGE_CURVE('',#1759,#1650,#1971,.T.);
#1464=EDGE_CURVE('',#1653,#1756,#1972,.T.);
#1465=EDGE_CURVE('',#1757,#1652,#1973,.T.);
#1466=EDGE_CURVE('',#1647,#1762,#1974,.F.);
#1467=EDGE_CURVE('',#1763,#1646,#1975,.T.);
#1468=EDGE_CURVE('',#1643,#1766,#1976,.F.);
#1469=EDGE_CURVE('',#1767,#1642,#1977,.T.);
#1470=EDGE_CURVE('',#1641,#1768,#1978,.T.);
#1471=EDGE_CURVE('',#1769,#1640,#1979,.F.);
#1472=EDGE_CURVE('',#1655,#1754,#1980,.T.);
#1473=EDGE_CURVE('',#1755,#1654,#1981,.F.);
#1474=EDGE_CURVE('',#1645,#1764,#1982,.T.);
#1475=EDGE_CURVE('',#1765,#1644,#1983,.F.);
#1476=EDGE_CURVE('',#1601,#1694,#1984,.F.);
#1477=EDGE_CURVE('',#1695,#1600,#1985,.T.);
#1478=EDGE_CURVE('',#1605,#1690,#1986,.F.);
#1479=EDGE_CURVE('',#1691,#1604,#1987,.T.);
#1480=EDGE_CURVE('',#1609,#1686,#1988,.F.);
#1481=EDGE_CURVE('',#1687,#1608,#1989,.T.);
#1482=EDGE_CURVE('',#1611,#1684,#1990,.F.);
#1483=EDGE_CURVE('',#1685,#1610,#1991,.F.);
#1484=EDGE_CURVE('',#1607,#1688,#1992,.T.);
#1485=EDGE_CURVE('',#1689,#1606,#1993,.F.);
#1486=EDGE_CURVE('',#1599,#1696,#1994,.T.);
#1487=EDGE_CURVE('',#1697,#1598,#1995,.F.);
#1488=EDGE_CURVE('',#1613,#1682,#1996,.T.);
#1489=EDGE_CURVE('',#1683,#1612,#1997,.T.);
#1490=EDGE_CURVE('',#1603,#1692,#1998,.T.);
#1491=EDGE_CURVE('',#1693,#1602,#1999,.F.);
#1492=EDGE_CURVE('',#1663,#1778,#2000,.F.);
#1493=EDGE_CURVE('',#1779,#1662,#2001,.T.);
#1494=EDGE_CURVE('',#1661,#1780,#2002,.F.);
#1495=EDGE_CURVE('',#1781,#1660,#2003,.T.);
#1496=EDGE_CURVE('',#1659,#1782,#2004,.F.);
#1497=EDGE_CURVE('',#1783,#1658,#2005,.T.);
#1498=EDGE_CURVE('',#1669,#1772,#2006,.F.);
#1499=EDGE_CURVE('',#1773,#1668,#2007,.T.);
#1500=EDGE_CURVE('',#1665,#1776,#2008,.F.);
#1501=EDGE_CURVE('',#1777,#1664,#2009,.T.);
#1502=EDGE_CURVE('',#1657,#1784,#2010,.F.);
#1503=EDGE_CURVE('',#1785,#1656,#2011,.T.);
#1504=EDGE_CURVE('',#1671,#1770,#2012,.F.);
#1505=EDGE_CURVE('',#1771,#1670,#2013,.F.);
#1506=EDGE_CURVE('',#1667,#1774,#2014,.T.);
#1507=EDGE_CURVE('',#1775,#1666,#2015,.F.);
#1508=VERTEX_POINT('',#4179);
#1509=VERTEX_POINT('',#4180);
#1510=VERTEX_POINT('',#4182);
#1511=VERTEX_POINT('',#4184);
#1512=VERTEX_POINT('',#4188);
#1513=VERTEX_POINT('',#4189);
#1514=VERTEX_POINT('',#4191);
#1515=VERTEX_POINT('',#4193);
#1516=VERTEX_POINT('',#4197);
#1517=VERTEX_POINT('',#4198);
#1518=VERTEX_POINT('',#4200);
#1519=VERTEX_POINT('',#4202);
#1520=VERTEX_POINT('',#4206);
#1521=VERTEX_POINT('',#4207);
#1522=VERTEX_POINT('',#4209);
#1523=VERTEX_POINT('',#4211);
#1524=VERTEX_POINT('',#4215);
#1525=VERTEX_POINT('',#4216);
#1526=VERTEX_POINT('',#4218);
#1527=VERTEX_POINT('',#4220);
#1528=VERTEX_POINT('',#4224);
#1529=VERTEX_POINT('',#4225);
#1530=VERTEX_POINT('',#4227);
#1531=VERTEX_POINT('',#4229);
#1532=VERTEX_POINT('',#4251);
#1533=VERTEX_POINT('',#4252);
#1534=VERTEX_POINT('',#4254);
#1535=VERTEX_POINT('',#4256);
#1536=VERTEX_POINT('',#4258);
#1537=VERTEX_POINT('',#4260);
#1538=VERTEX_POINT('',#4262);
#1539=VERTEX_POINT('',#4264);
#1540=VERTEX_POINT('',#4268);
#1541=VERTEX_POINT('',#4270);
#1542=VERTEX_POINT('',#4272);
#1543=VERTEX_POINT('',#4274);
#1544=VERTEX_POINT('',#4276);
#1545=VERTEX_POINT('',#4278);
#1546=VERTEX_POINT('',#4282);
#1547=VERTEX_POINT('',#4284);
#1548=VERTEX_POINT('',#4286);
#1549=VERTEX_POINT('',#4288);
#1550=VERTEX_POINT('',#4290);
#1551=VERTEX_POINT('',#4292);
#1552=VERTEX_POINT('',#4296);
#1553=VERTEX_POINT('',#4298);
#1554=VERTEX_POINT('',#4300);
#1555=VERTEX_POINT('',#4302);
#1556=VERTEX_POINT('',#4304);
#1557=VERTEX_POINT('',#4306);
#1558=VERTEX_POINT('',#4310);
#1559=VERTEX_POINT('',#4312);
#1560=VERTEX_POINT('',#4314);
#1561=VERTEX_POINT('',#4316);
#1562=VERTEX_POINT('',#4318);
#1563=VERTEX_POINT('',#4320);
#1564=VERTEX_POINT('',#4324);
#1565=VERTEX_POINT('',#4326);
#1566=VERTEX_POINT('',#4328);
#1567=VERTEX_POINT('',#4330);
#1568=VERTEX_POINT('',#4335);
#1569=VERTEX_POINT('',#4337);
#1570=VERTEX_POINT('',#4339);
#1571=VERTEX_POINT('',#4341);
#1572=VERTEX_POINT('',#4343);
#1573=VERTEX_POINT('',#4346);
#1574=VERTEX_POINT('',#4348);
#1575=VERTEX_POINT('',#4350);
#1576=VERTEX_POINT('',#4352);
#1577=VERTEX_POINT('',#4354);
#1578=VERTEX_POINT('',#4358);
#1579=VERTEX_POINT('',#4359);
#1580=VERTEX_POINT('',#4361);
#1581=VERTEX_POINT('',#4363);
#1582=VERTEX_POINT('',#4365);
#1583=VERTEX_POINT('',#4367);
#1584=VERTEX_POINT('',#4369);
#1585=VERTEX_POINT('',#4371);
#1586=VERTEX_POINT('',#4374);
#1587=VERTEX_POINT('',#4376);
#1588=VERTEX_POINT('',#4378);
#1589=VERTEX_POINT('',#4380);
#1590=VERTEX_POINT('',#4382);
#1591=VERTEX_POINT('',#4384);
#1592=VERTEX_POINT('',#4386);
#1593=VERTEX_POINT('',#4388);
#1594=VERTEX_POINT('',#4390);
#1595=VERTEX_POINT('',#4392);
#1596=VERTEX_POINT('',#4394);
#1597=VERTEX_POINT('',#4396);
#1598=VERTEX_POINT('',#4398);
#1599=VERTEX_POINT('',#4400);
#1600=VERTEX_POINT('',#4402);
#1601=VERTEX_POINT('',#4404);
#1602=VERTEX_POINT('',#4406);
#1603=VERTEX_POINT('',#4408);
#1604=VERTEX_POINT('',#4410);
#1605=VERTEX_POINT('',#4412);
#1606=VERTEX_POINT('',#4414);
#1607=VERTEX_POINT('',#4416);
#1608=VERTEX_POINT('',#4418);
#1609=VERTEX_POINT('',#4420);
#1610=VERTEX_POINT('',#4422);
#1611=VERTEX_POINT('',#4424);
#1612=VERTEX_POINT('',#4426);
#1613=VERTEX_POINT('',#4428);
#1614=VERTEX_POINT('',#4431);
#1615=VERTEX_POINT('',#4433);
#1616=VERTEX_POINT('',#4435);
#1617=VERTEX_POINT('',#4437);
#1618=VERTEX_POINT('',#4439);
#1619=VERTEX_POINT('',#4441);
#1620=VERTEX_POINT('',#4443);
#1621=VERTEX_POINT('',#4445);
#1622=VERTEX_POINT('',#4447);
#1623=VERTEX_POINT('',#4449);
#1624=VERTEX_POINT('',#4451);
#1625=VERTEX_POINT('',#4453);
#1626=VERTEX_POINT('',#4455);
#1627=VERTEX_POINT('',#4457);
#1628=VERTEX_POINT('',#4459);
#1629=VERTEX_POINT('',#4461);
#1630=VERTEX_POINT('',#4464);
#1631=VERTEX_POINT('',#4466);
#1632=VERTEX_POINT('',#4468);
#1633=VERTEX_POINT('',#4470);
#1634=VERTEX_POINT('',#4472);
#1635=VERTEX_POINT('',#4474);
#1636=VERTEX_POINT('',#4476);
#1637=VERTEX_POINT('',#4478);
#1638=VERTEX_POINT('',#4480);
#1639=VERTEX_POINT('',#4482);
#1640=VERTEX_POINT('',#4485);
#1641=VERTEX_POINT('',#4487);
#1642=VERTEX_POINT('',#4489);
#1643=VERTEX_POINT('',#4491);
#1644=VERTEX_POINT('',#4493);
#1645=VERTEX_POINT('',#4495);
#1646=VERTEX_POINT('',#4497);
#1647=VERTEX_POINT('',#4499);
#1648=VERTEX_POINT('',#4501);
#1649=VERTEX_POINT('',#4503);
#1650=VERTEX_POINT('',#4505);
#1651=VERTEX_POINT('',#4507);
#1652=VERTEX_POINT('',#4509);
#1653=VERTEX_POINT('',#4511);
#1654=VERTEX_POINT('',#4513);
#1655=VERTEX_POINT('',#4515);
#1656=VERTEX_POINT('',#4518);
#1657=VERTEX_POINT('',#4520);
#1658=VERTEX_POINT('',#4522);
#1659=VERTEX_POINT('',#4524);
#1660=VERTEX_POINT('',#4526);
#1661=VERTEX_POINT('',#4528);
#1662=VERTEX_POINT('',#4530);
#1663=VERTEX_POINT('',#4532);
#1664=VERTEX_POINT('',#4534);
#1665=VERTEX_POINT('',#4536);
#1666=VERTEX_POINT('',#4538);
#1667=VERTEX_POINT('',#4540);
#1668=VERTEX_POINT('',#4542);
#1669=VERTEX_POINT('',#4544);
#1670=VERTEX_POINT('',#4546);
#1671=VERTEX_POINT('',#4548);
#1672=VERTEX_POINT('',#4551);
#1673=VERTEX_POINT('',#4553);
#1674=VERTEX_POINT('',#4555);
#1675=VERTEX_POINT('',#4557);
#1676=VERTEX_POINT('',#4559);
#1677=VERTEX_POINT('',#4561);
#1678=VERTEX_POINT('',#4563);
#1679=VERTEX_POINT('',#4565);
#1680=VERTEX_POINT('',#4567);
#1681=VERTEX_POINT('',#4569);
#1682=VERTEX_POINT('',#4573);
#1683=VERTEX_POINT('',#4575);
#1684=VERTEX_POINT('',#4577);
#1685=VERTEX_POINT('',#4579);
#1686=VERTEX_POINT('',#4581);
#1687=VERTEX_POINT('',#4583);
#1688=VERTEX_POINT('',#4585);
#1689=VERTEX_POINT('',#4587);
#1690=VERTEX_POINT('',#4589);
#1691=VERTEX_POINT('',#4591);
#1692=VERTEX_POINT('',#4593);
#1693=VERTEX_POINT('',#4595);
#1694=VERTEX_POINT('',#4597);
#1695=VERTEX_POINT('',#4599);
#1696=VERTEX_POINT('',#4601);
#1697=VERTEX_POINT('',#4603);
#1698=VERTEX_POINT('',#4606);
#1699=VERTEX_POINT('',#4608);
#1700=VERTEX_POINT('',#4610);
#1701=VERTEX_POINT('',#4612);
#1702=VERTEX_POINT('',#4614);
#1703=VERTEX_POINT('',#4616);
#1704=VERTEX_POINT('',#4618);
#1705=VERTEX_POINT('',#4620);
#1706=VERTEX_POINT('',#4622);
#1707=VERTEX_POINT('',#4624);
#1708=VERTEX_POINT('',#4626);
#1709=VERTEX_POINT('',#4628);
#1710=VERTEX_POINT('',#4630);
#1711=VERTEX_POINT('',#4632);
#1712=VERTEX_POINT('',#4634);
#1713=VERTEX_POINT('',#4636);
#1714=VERTEX_POINT('',#4639);
#1715=VERTEX_POINT('',#4641);
#1716=VERTEX_POINT('',#4643);
#1717=VERTEX_POINT('',#4645);
#1718=VERTEX_POINT('',#4647);
#1719=VERTEX_POINT('',#4649);
#1720=VERTEX_POINT('',#4651);
#1721=VERTEX_POINT('',#4653);
#1722=VERTEX_POINT('',#4655);
#1723=VERTEX_POINT('',#4657);
#1724=VERTEX_POINT('',#4660);
#1725=VERTEX_POINT('',#4662);
#1726=VERTEX_POINT('',#4664);
#1727=VERTEX_POINT('',#4666);
#1728=VERTEX_POINT('',#4668);
#1729=VERTEX_POINT('',#4670);
#1730=VERTEX_POINT('',#4672);
#1731=VERTEX_POINT('',#4674);
#1732=VERTEX_POINT('',#4676);
#1733=VERTEX_POINT('',#4678);
#1734=VERTEX_POINT('',#4681);
#1735=VERTEX_POINT('',#4683);
#1736=VERTEX_POINT('',#4685);
#1737=VERTEX_POINT('',#4687);
#1738=VERTEX_POINT('',#4689);
#1739=VERTEX_POINT('',#4691);
#1740=VERTEX_POINT('',#4693);
#1741=VERTEX_POINT('',#4695);
#1742=VERTEX_POINT('',#4697);
#1743=VERTEX_POINT('',#4699);
#1744=VERTEX_POINT('',#4701);
#1745=VERTEX_POINT('',#4703);
#1746=VERTEX_POINT('',#4705);
#1747=VERTEX_POINT('',#4706);
#1748=VERTEX_POINT('',#4708);
#1749=VERTEX_POINT('',#4710);
#1750=VERTEX_POINT('',#4712);
#1751=VERTEX_POINT('',#4714);
#1752=VERTEX_POINT('',#4716);
#1753=VERTEX_POINT('',#4718);
#1754=VERTEX_POINT('',#4721);
#1755=VERTEX_POINT('',#4723);
#1756=VERTEX_POINT('',#4725);
#1757=VERTEX_POINT('',#4727);
#1758=VERTEX_POINT('',#4729);
#1759=VERTEX_POINT('',#4731);
#1760=VERTEX_POINT('',#4733);
#1761=VERTEX_POINT('',#4735);
#1762=VERTEX_POINT('',#4737);
#1763=VERTEX_POINT('',#4739);
#1764=VERTEX_POINT('',#4741);
#1765=VERTEX_POINT('',#4743);
#1766=VERTEX_POINT('',#4745);
#1767=VERTEX_POINT('',#4747);
#1768=VERTEX_POINT('',#4749);
#1769=VERTEX_POINT('',#4751);
#1770=VERTEX_POINT('',#4754);
#1771=VERTEX_POINT('',#4756);
#1772=VERTEX_POINT('',#4758);
#1773=VERTEX_POINT('',#4760);
#1774=VERTEX_POINT('',#4762);
#1775=VERTEX_POINT('',#4764);
#1776=VERTEX_POINT('',#4766);
#1777=VERTEX_POINT('',#4768);
#1778=VERTEX_POINT('',#4770);
#1779=VERTEX_POINT('',#4772);
#1780=VERTEX_POINT('',#4774);
#1781=VERTEX_POINT('',#4776);
#1782=VERTEX_POINT('',#4778);
#1783=VERTEX_POINT('',#4780);
#1784=VERTEX_POINT('',#4782);
#1785=VERTEX_POINT('',#4784);
#1786=VERTEX_POINT('',#4804);
#1787=VERTEX_POINT('',#4808);
#1788=VERTEX_POINT('',#4812);
#1789=VERTEX_POINT('',#4816);
#1790=VERTEX_POINT('',#4820);
#1791=VERTEX_POINT('',#4824);
#1792=VERTEX_POINT('',#4828);
#1793=VERTEX_POINT('',#4832);
#1794=VERTEX_POINT('',#4836);
#1795=VERTEX_POINT('',#4840);
#1796=VERTEX_POINT('',#4844);
#1797=VERTEX_POINT('',#4848);
#1798=LINE('',#4178,#2016);
#1799=LINE('',#4183,#2017);
#1800=LINE('',#4187,#2018);
#1801=LINE('',#4192,#2019);
#1802=LINE('',#4196,#2020);
#1803=LINE('',#4201,#2021);
#1804=LINE('',#4205,#2022);
#1805=LINE('',#4210,#2023);
#1806=LINE('',#4214,#2024);
#1807=LINE('',#4219,#2025);
#1808=LINE('',#4223,#2026);
#1809=LINE('',#4228,#2027);
#1810=LINE('',#4232,#2028);
#1811=LINE('',#4233,#2029);
#1812=LINE('',#4235,#2030);
#1813=LINE('',#4236,#2031);
#1814=LINE('',#4238,#2032);
#1815=LINE('',#4239,#2033);
#1816=LINE('',#4241,#2034);
#1817=LINE('',#4242,#2035);
#1818=LINE('',#4244,#2036);
#1819=LINE('',#4245,#2037);
#1820=LINE('',#4247,#2038);
#1821=LINE('',#4248,#2039);
#1822=LINE('',#4250,#2040);
#1823=LINE('',#4253,#2041);
#1824=LINE('',#4255,#2042);
#1825=LINE('',#4257,#2043);
#1826=LINE('',#4259,#2044);
#1827=LINE('',#4261,#2045);
#1828=LINE('',#4263,#2046);
#1829=LINE('',#4265,#2047);
#1830=LINE('',#4267,#2048);
#1831=LINE('',#4269,#2049);
#1832=LINE('',#4271,#2050);
#1833=LINE('',#4273,#2051);
#1834=LINE('',#4275,#2052);
#1835=LINE('',#4277,#2053);
#1836=LINE('',#4279,#2054);
#1837=LINE('',#4281,#2055);
#1838=LINE('',#4283,#2056);
#1839=LINE('',#4285,#2057);
#1840=LINE('',#4287,#2058);
#1841=LINE('',#4289,#2059);
#1842=LINE('',#4291,#2060);
#1843=LINE('',#4293,#2061);
#1844=LINE('',#4295,#2062);
#1845=LINE('',#4297,#2063);
#1846=LINE('',#4299,#2064);
#1847=LINE('',#4301,#2065);
#1848=LINE('',#4303,#2066);
#1849=LINE('',#4305,#2067);
#1850=LINE('',#4307,#2068);
#1851=LINE('',#4309,#2069);
#1852=LINE('',#4311,#2070);
#1853=LINE('',#4313,#2071);
#1854=LINE('',#4315,#2072);
#1855=LINE('',#4317,#2073);
#1856=LINE('',#4319,#2074);
#1857=LINE('',#4321,#2075);
#1858=LINE('',#4323,#2076);
#1859=LINE('',#4325,#2077);
#1860=LINE('',#4327,#2078);
#1861=LINE('',#4329,#2079);
#1862=LINE('',#4331,#2080);
#1863=LINE('',#4332,#2081);
#1864=LINE('',#4357,#2082);
#1865=LINE('',#4362,#2083);
#1866=LINE('',#4366,#2084);
#1867=LINE('',#4370,#2085);
#1868=LINE('',#4399,#2086);
#1869=LINE('',#4407,#2087);
#1870=LINE('',#4415,#2088);
#1871=LINE('',#4423,#2089);
#1872=LINE('',#4427,#2090);
#1873=LINE('',#4432,#2091);
#1874=LINE('',#4436,#2092);
#1875=LINE('',#4444,#2093);
#1876=LINE('',#4452,#2094);
#1877=LINE('',#4460,#2095);
#1878=LINE('',#4465,#2096);
#1879=LINE('',#4473,#2097);
#1880=LINE('',#4481,#2098);
#1881=LINE('',#4486,#2099);
#1882=LINE('',#4494,#2100);
#1883=LINE('',#4502,#2101);
#1884=LINE('',#4510,#2102);
#1885=LINE('',#4514,#2103);
#1886=LINE('',#4519,#2104);
#1887=LINE('',#4523,#2105);
#1888=LINE('',#4531,#2106);
#1889=LINE('',#4539,#2107);
#1890=LINE('',#4547,#2108);
#1891=LINE('',#4552,#2109);
#1892=LINE('',#4560,#2110);
#1893=LINE('',#4568,#2111);
#1894=LINE('',#4574,#2112);
#1895=LINE('',#4578,#2113);
#1896=LINE('',#4586,#2114);
#1897=LINE('',#4594,#2115);
#1898=LINE('',#4602,#2116);
#1899=LINE('',#4607,#2117);
#1900=LINE('',#4615,#2118);
#1901=LINE('',#4623,#2119);
#1902=LINE('',#4631,#2120);
#1903=LINE('',#4635,#2121);
#1904=LINE('',#4640,#2122);
#1905=LINE('',#4648,#2123);
#1906=LINE('',#4656,#2124);
#1907=LINE('',#4661,#2125);
#1908=LINE('',#4669,#2126);
#1909=LINE('',#4677,#2127);
#1910=LINE('',#4704,#2128);
#1911=LINE('',#4709,#2129);
#1912=LINE('',#4713,#2130);
#1913=LINE('',#4717,#2131);
#1914=LINE('',#4722,#2132);
#1915=LINE('',#4726,#2133);
#1916=LINE('',#4734,#2134);
#1917=LINE('',#4742,#2135);
#1918=LINE('',#4750,#2136);
#1919=LINE('',#4755,#2137);
#1920=LINE('',#4763,#2138);
#1921=LINE('',#4771,#2139);
#1922=LINE('',#4779,#2140);
#1923=LINE('',#4783,#2141);
#1924=LINE('',#4787,#2142);
#1925=LINE('',#4788,#2143);
#1926=LINE('',#4790,#2144);
#1927=LINE('',#4792,#2145);
#1928=LINE('',#4794,#2146);
#1929=LINE('',#4796,#2147);
#1930=LINE('',#4798,#2148);
#1931=LINE('',#4800,#2149);
#1932=LINE('',#4851,#2150);
#1933=LINE('',#4852,#2151);
#1934=LINE('',#4854,#2152);
#1935=LINE('',#4855,#2153);
#1936=LINE('',#4857,#2154);
#1937=LINE('',#4858,#2155);
#1938=LINE('',#4860,#2156);
#1939=LINE('',#4861,#2157);
#1940=LINE('',#4863,#2158);
#1941=LINE('',#4864,#2159);
#1942=LINE('',#4872,#2160);
#1943=LINE('',#4873,#2161);
#1944=LINE('',#4875,#2162);
#1945=LINE('',#4876,#2163);
#1946=LINE('',#4878,#2164);
#1947=LINE('',#4879,#2165);
#1948=LINE('',#4881,#2166);
#1949=LINE('',#4882,#2167);
#1950=LINE('',#4884,#2168);
#1951=LINE('',#4885,#2169);
#1952=LINE('',#4893,#2170);
#1953=LINE('',#4894,#2171);
#1954=LINE('',#4896,#2172);
#1955=LINE('',#4897,#2173);
#1956=LINE('',#4899,#2174);
#1957=LINE('',#4900,#2175);
#1958=LINE('',#4902,#2176);
#1959=LINE('',#4903,#2177);
#1960=LINE('',#4905,#2178);
#1961=LINE('',#4906,#2179);
#1962=LINE('',#4908,#2180);
#1963=LINE('',#4909,#2181);
#1964=LINE('',#4911,#2182);
#1965=LINE('',#4912,#2183);
#1966=LINE('',#4914,#2184);
#1967=LINE('',#4915,#2185);
#1968=LINE('',#4926,#2186);
#1969=LINE('',#4927,#2187);
#1970=LINE('',#4929,#2188);
#1971=LINE('',#4930,#2189);
#1972=LINE('',#4932,#2190);
#1973=LINE('',#4933,#2191);
#1974=LINE('',#4935,#2192);
#1975=LINE('',#4936,#2193);
#1976=LINE('',#4938,#2194);
#1977=LINE('',#4939,#2195);
#1978=LINE('',#4941,#2196);
#1979=LINE('',#4942,#2197);
#1980=LINE('',#4944,#2198);
#1981=LINE('',#4945,#2199);
#1982=LINE('',#4947,#2200);
#1983=LINE('',#4948,#2201);
#1984=LINE('',#4959,#2202);
#1985=LINE('',#4960,#2203);
#1986=LINE('',#4962,#2204);
#1987=LINE('',#4963,#2205);
#1988=LINE('',#4965,#2206);
#1989=LINE('',#4966,#2207);
#1990=LINE('',#4968,#2208);
#1991=LINE('',#4969,#2209);
#1992=LINE('',#4971,#2210);
#1993=LINE('',#4972,#2211);
#1994=LINE('',#4974,#2212);
#1995=LINE('',#4975,#2213);
#1996=LINE('',#4977,#2214);
#1997=LINE('',#4978,#2215);
#1998=LINE('',#4980,#2216);
#1999=LINE('',#4981,#2217);
#2000=LINE('',#4992,#2218);
#2001=LINE('',#4993,#2219);
#2002=LINE('',#4995,#2220);
#2003=LINE('',#4996,#2221);
#2004=LINE('',#4998,#2222);
#2005=LINE('',#4999,#2223);
#2006=LINE('',#5001,#2224);
#2007=LINE('',#5002,#2225);
#2008=LINE('',#5004,#2226);
#2009=LINE('',#5005,#2227);
#2010=LINE('',#5007,#2228);
#2011=LINE('',#5008,#2229);
#2012=LINE('',#5010,#2230);
#2013=LINE('',#5011,#2231);
#2014=LINE('',#5013,#2232);
#2015=LINE('',#5014,#2233);
#2016=VECTOR('',#3274,1.);
#2017=VECTOR('',#3277,1.);
#2018=VECTOR('',#3282,1.);
#2019=VECTOR('',#3285,1.);
#2020=VECTOR('',#3290,1.);
#2021=VECTOR('',#3293,1.);
#2022=VECTOR('',#3298,1.);
#2023=VECTOR('',#3301,1.);
#2024=VECTOR('',#3306,1.);
#2025=VECTOR('',#3309,1.);
#2026=VECTOR('',#3314,1.);
#2027=VECTOR('',#3317,1.);
#2028=VECTOR('',#3322,1.);
#2029=VECTOR('',#3323,1.);
#2030=VECTOR('',#3326,1.);
#2031=VECTOR('',#3327,1.);
#2032=VECTOR('',#3330,1.);
#2033=VECTOR('',#3331,1.);
#2034=VECTOR('',#3334,1.);
#2035=VECTOR('',#3335,1.);
#2036=VECTOR('',#3338,1.);
#2037=VECTOR('',#3339,1.);
#2038=VECTOR('',#3342,1.);
#2039=VECTOR('',#3343,1.);
#2040=VECTOR('',#3346,1.);
#2041=VECTOR('',#3347,1.);
#2042=VECTOR('',#3348,1.);
#2043=VECTOR('',#3349,1.);
#2044=VECTOR('',#3350,1.);
#2045=VECTOR('',#3351,1.);
#2046=VECTOR('',#3352,1.);
#2047=VECTOR('',#3353,1.);
#2048=VECTOR('',#3356,1.);
#2049=VECTOR('',#3357,1.);
#2050=VECTOR('',#3358,1.);
#2051=VECTOR('',#3359,1.);
#2052=VECTOR('',#3360,1.);
#2053=VECTOR('',#3361,1.);
#2054=VECTOR('',#3362,1.);
#2055=VECTOR('',#3365,1.);
#2056=VECTOR('',#3366,1.);
#2057=VECTOR('',#3367,1.);
#2058=VECTOR('',#3368,1.);
#2059=VECTOR('',#3369,1.);
#2060=VECTOR('',#3370,1.);
#2061=VECTOR('',#3371,1.);
#2062=VECTOR('',#3374,1.);
#2063=VECTOR('',#3375,1.);
#2064=VECTOR('',#3376,1.);
#2065=VECTOR('',#3377,1.);
#2066=VECTOR('',#3378,1.);
#2067=VECTOR('',#3379,1.);
#2068=VECTOR('',#3380,1.);
#2069=VECTOR('',#3383,1.);
#2070=VECTOR('',#3384,1.);
#2071=VECTOR('',#3385,1.);
#2072=VECTOR('',#3386,1.);
#2073=VECTOR('',#3387,1.);
#2074=VECTOR('',#3388,1.);
#2075=VECTOR('',#3389,1.);
#2076=VECTOR('',#3392,1.);
#2077=VECTOR('',#3393,1.);
#2078=VECTOR('',#3394,1.);
#2079=VECTOR('',#3395,1.);
#2080=VECTOR('',#3396,1.);
#2081=VECTOR('',#3397,1.);
#2082=VECTOR('',#3426,1.);
#2083=VECTOR('',#3429,1.);
#2084=VECTOR('',#3432,1.);
#2085=VECTOR('',#3435,1.);
#2086=VECTOR('',#3464,1.);
#2087=VECTOR('',#3471,1.);
#2088=VECTOR('',#3478,1.);
#2089=VECTOR('',#3485,1.);
#2090=VECTOR('',#3488,1.);
#2091=VECTOR('',#3493,1.);
#2092=VECTOR('',#3496,1.);
#2093=VECTOR('',#3503,1.);
#2094=VECTOR('',#3510,1.);
#2095=VECTOR('',#3517,1.);
#2096=VECTOR('',#3522,1.);
#2097=VECTOR('',#3529,1.);
#2098=VECTOR('',#3536,1.);
#2099=VECTOR('',#3541,1.);
#2100=VECTOR('',#3548,1.);
#2101=VECTOR('',#3555,1.);
#2102=VECTOR('',#3562,1.);
#2103=VECTOR('',#3565,1.);
#2104=VECTOR('',#3570,1.);
#2105=VECTOR('',#3573,1.);
#2106=VECTOR('',#3580,1.);
#2107=VECTOR('',#3587,1.);
#2108=VECTOR('',#3594,1.);
#2109=VECTOR('',#3599,1.);
#2110=VECTOR('',#3606,1.);
#2111=VECTOR('',#3613,1.);
#2112=VECTOR('',#3620,1.);
#2113=VECTOR('',#3623,1.);
#2114=VECTOR('',#3630,1.);
#2115=VECTOR('',#3637,1.);
#2116=VECTOR('',#3644,1.);
#2117=VECTOR('',#3649,1.);
#2118=VECTOR('',#3656,1.);
#2119=VECTOR('',#3663,1.);
#2120=VECTOR('',#3670,1.);
#2121=VECTOR('',#3673,1.);
#2122=VECTOR('',#3678,1.);
#2123=VECTOR('',#3685,1.);
#2124=VECTOR('',#3692,1.);
#2125=VECTOR('',#3697,1.);
#2126=VECTOR('',#3704,1.);
#2127=VECTOR('',#3711,1.);
#2128=VECTOR('',#3738,1.);
#2129=VECTOR('',#3741,1.);
#2130=VECTOR('',#3744,1.);
#2131=VECTOR('',#3747,1.);
#2132=VECTOR('',#3752,1.);
#2133=VECTOR('',#3755,1.);
#2134=VECTOR('',#3762,1.);
#2135=VECTOR('',#3769,1.);
#2136=VECTOR('',#3776,1.);
#2137=VECTOR('',#3781,1.);
#2138=VECTOR('',#3788,1.);
#2139=VECTOR('',#3795,1.);
#2140=VECTOR('',#3802,1.);
#2141=VECTOR('',#3805,1.);
#2142=VECTOR('',#3810,1.);
#2143=VECTOR('',#3811,1.);
#2144=VECTOR('',#3814,1.);
#2145=VECTOR('',#3817,1.);
#2146=VECTOR('',#3820,1.);
#2147=VECTOR('',#3823,1.);
#2148=VECTOR('',#3826,1.);
#2149=VECTOR('',#3829,1.);
#2150=VECTOR('',#3906,1.);
#2151=VECTOR('',#3907,1.);
#2152=VECTOR('',#3910,1.);
#2153=VECTOR('',#3911,1.);
#2154=VECTOR('',#3914,1.);
#2155=VECTOR('',#3915,1.);
#2156=VECTOR('',#3918,1.);
#2157=VECTOR('',#3919,1.);
#2158=VECTOR('',#3922,1.);
#2159=VECTOR('',#3923,1.);
#2160=VECTOR('',#3938,1.);
#2161=VECTOR('',#3939,1.);
#2162=VECTOR('',#3942,1.);
#2163=VECTOR('',#3943,1.);
#2164=VECTOR('',#3946,1.);
#2165=VECTOR('',#3947,1.);
#2166=VECTOR('',#3950,1.);
#2167=VECTOR('',#3951,1.);
#2168=VECTOR('',#3954,1.);
#2169=VECTOR('',#3955,1.);
#2170=VECTOR('',#3970,1.);
#2171=VECTOR('',#3971,1.);
#2172=VECTOR('',#3974,1.);
#2173=VECTOR('',#3975,1.);
#2174=VECTOR('',#3978,1.);
#2175=VECTOR('',#3979,1.);
#2176=VECTOR('',#3982,1.);
#2177=VECTOR('',#3983,1.);
#2178=VECTOR('',#3986,1.);
#2179=VECTOR('',#3987,1.);
#2180=VECTOR('',#3990,1.);
#2181=VECTOR('',#3991,1.);
#2182=VECTOR('',#3994,1.);
#2183=VECTOR('',#3995,1.);
#2184=VECTOR('',#3998,1.);
#2185=VECTOR('',#3999,1.);
#2186=VECTOR('',#4020,1.);
#2187=VECTOR('',#4021,1.);
#2188=VECTOR('',#4024,1.);
#2189=VECTOR('',#4025,1.);
#2190=VECTOR('',#4028,1.);
#2191=VECTOR('',#4029,1.);
#2192=VECTOR('',#4032,1.);
#2193=VECTOR('',#4033,1.);
#2194=VECTOR('',#4036,1.);
#2195=VECTOR('',#4037,1.);
#2196=VECTOR('',#4040,1.);
#2197=VECTOR('',#4041,1.);
#2198=VECTOR('',#4044,1.);
#2199=VECTOR('',#4045,1.);
#2200=VECTOR('',#4048,1.);
#2201=VECTOR('',#4049,1.);
#2202=VECTOR('',#4070,1.);
#2203=VECTOR('',#4071,1.);
#2204=VECTOR('',#4074,1.);
#2205=VECTOR('',#4075,1.);
#2206=VECTOR('',#4078,1.);
#2207=VECTOR('',#4079,1.);
#2208=VECTOR('',#4082,1.);
#2209=VECTOR('',#4083,1.);
#2210=VECTOR('',#4086,1.);
#2211=VECTOR('',#4087,1.);
#2212=VECTOR('',#4090,1.);
#2213=VECTOR('',#4091,1.);
#2214=VECTOR('',#4094,1.);
#2215=VECTOR('',#4095,1.);
#2216=VECTOR('',#4098,1.);
#2217=VECTOR('',#4099,1.);
#2218=VECTOR('',#4120,1.);
#2219=VECTOR('',#4121,1.);
#2220=VECTOR('',#4124,1.);
#2221=VECTOR('',#4125,1.);
#2222=VECTOR('',#4128,1.);
#2223=VECTOR('',#4129,1.);
#2224=VECTOR('',#4132,1.);
#2225=VECTOR('',#4133,1.);
#2226=VECTOR('',#4136,1.);
#2227=VECTOR('',#4137,1.);
#2228=VECTOR('',#4140,1.);
#2229=VECTOR('',#4141,1.);
#2230=VECTOR('',#4144,1.);
#2231=VECTOR('',#4145,1.);
#2232=VECTOR('',#4148,1.);
#2233=VECTOR('',#4149,1.);
#2234=EDGE_LOOP('',(#272,#273,#274,#275));
#2235=EDGE_LOOP('',(#276,#277,#278,#279));
#2236=EDGE_LOOP('',(#280,#281,#282,#283));
#2237=EDGE_LOOP('',(#284,#285,#286,#287));
#2238=EDGE_LOOP('',(#288,#289,#290,#291));
#2239=EDGE_LOOP('',(#292,#293,#294,#295));
#2240=EDGE_LOOP('',(#296,#297,#298,#299));
#2241=EDGE_LOOP('',(#300,#301,#302,#303));
#2242=EDGE_LOOP('',(#304,#305,#306,#307));
#2243=EDGE_LOOP('',(#308,#309,#310,#311));
#2244=EDGE_LOOP('',(#312,#313,#314,#315));
#2245=EDGE_LOOP('',(#316,#317,#318,#319));
#2246=EDGE_LOOP('',(#320,#321,#322,#323,#324,#325,#326,#327));
#2247=EDGE_LOOP('',(#328,#329,#330,#331,#332,#333,#334,#335));
#2248=EDGE_LOOP('',(#336,#337,#338,#339,#340,#341,#342,#343));
#2249=EDGE_LOOP('',(#344,#345,#346,#347,#348,#349,#350,#351));
#2250=EDGE_LOOP('',(#352,#353,#354,#355,#356,#357,#358,#359));
#2251=EDGE_LOOP('',(#360,#361,#362,#363,#364,#365,#366,#367));
#2252=EDGE_LOOP('',(#368));
#2253=EDGE_LOOP('',(#369));
#2254=EDGE_LOOP('',(#370));
#2255=EDGE_LOOP('',(#371));
#2256=EDGE_LOOP('',(#372));
#2257=EDGE_LOOP('',(#373,#374,#375,#376,#377,#378));
#2258=EDGE_LOOP('',(#379));
#2259=EDGE_LOOP('',(#380));
#2260=EDGE_LOOP('',(#381));
#2261=EDGE_LOOP('',(#382));
#2262=EDGE_LOOP('',(#383));
#2263=EDGE_LOOP('',(#384,#385,#386,#387,#388,#389,#390,#391,#392,#393,#394,
#395));
#2264=EDGE_LOOP('',(#396));
#2265=EDGE_LOOP('',(#397));
#2266=EDGE_LOOP('',(#398,#399,#400,#401,#402,#403,#404,#405));
#2267=EDGE_LOOP('',(#406));
#2268=EDGE_LOOP('',(#407));
#2269=EDGE_LOOP('',(#408));
#2270=EDGE_LOOP('',(#409));
#2271=EDGE_LOOP('',(#410));
#2272=EDGE_LOOP('',(#411));
#2273=EDGE_LOOP('',(#412));
#2274=EDGE_LOOP('',(#413));
#2275=EDGE_LOOP('',(#414));
#2276=EDGE_LOOP('',(#415));
#2277=EDGE_LOOP('',(#416));
#2278=EDGE_LOOP('',(#417));
#2279=EDGE_LOOP('',(#418,#419,#420,#421,#422,#423,#424,#425,#426,#427,#428,
#429,#430,#431,#432,#433,#434,#435,#436,#437,#438,#439,#440,#441,#442,#443,
#444,#445,#446,#447,#448,#449,#450,#451,#452,#453,#454,#455,#456,#457,#458,
#459,#460,#461,#462,#463,#464,#465,#466,#467,#468,#469,#470,#471,#472,#473,
#474,#475,#476,#477,#478,#479,#480,#481,#482,#483,#484,#485,#486,#487,#488,
#489,#490,#491,#492,#493,#494,#495,#496,#497,#498,#499,#500,#501,#502,#503,
#504,#505,#506,#507,#508,#509,#510,#511,#512,#513,#514,#515,#516,#517,#518,
#519));
#2280=EDGE_LOOP('',(#520,#521,#522,#523,#524,#525,#526,#527,#528,#529,#530,
#531,#532,#533,#534,#535,#536,#537));
#2281=EDGE_LOOP('',(#538,#539,#540,#541,#542,#543,#544,#545,#546,#547,#548,
#549,#550,#551,#552,#553,#554,#555));
#2282=EDGE_LOOP('',(#556,#557,#558,#559,#560,#561,#562,#563,#564,#565,#566,
#567));
#2283=EDGE_LOOP('',(#568,#569,#570,#571,#572,#573,#574,#575,#576,#577,#578,
#579));
#2284=EDGE_LOOP('',(#580,#581,#582,#583,#584,#585,#586,#587,#588,#589,#590,
#591));
#2285=EDGE_LOOP('',(#592));
#2286=EDGE_LOOP('',(#593));
#2287=EDGE_LOOP('',(#594));
#2288=EDGE_LOOP('',(#595));
#2289=EDGE_LOOP('',(#596));
#2290=EDGE_LOOP('',(#597));
#2291=EDGE_LOOP('',(#598));
#2292=EDGE_LOOP('',(#599));
#2293=EDGE_LOOP('',(#600));
#2294=EDGE_LOOP('',(#601));
#2295=EDGE_LOOP('',(#602));
#2296=EDGE_LOOP('',(#603));
#2297=EDGE_LOOP('',(#604,#605,#606,#607,#608,#609,#610,#611));
#2298=EDGE_LOOP('',(#612,#613,#614,#615,#616,#617,#618,#619,#620,#621,#622,
#623,#624,#625,#626,#627,#628,#629));
#2299=EDGE_LOOP('',(#630,#631,#632,#633,#634,#635,#636,#637,#638,#639,#640,
#641,#642,#643,#644,#645,#646,#647));
#2300=EDGE_LOOP('',(#648,#649,#650,#651));
#2301=EDGE_LOOP('',(#652,#653,#654,#655));
#2302=EDGE_LOOP('',(#656,#657,#658,#659));
#2303=EDGE_LOOP('',(#660,#661,#662,#663));
#2304=EDGE_LOOP('',(#664,#665,#666,#667));
#2305=EDGE_LOOP('',(#668,#669,#670,#671));
#2306=EDGE_LOOP('',(#672,#673,#674,#675));
#2307=EDGE_LOOP('',(#676,#677,#678,#679));
#2308=EDGE_LOOP('',(#680));
#2309=EDGE_LOOP('',(#681));
#2310=EDGE_LOOP('',(#682));
#2311=EDGE_LOOP('',(#683));
#2312=EDGE_LOOP('',(#684));
#2313=EDGE_LOOP('',(#685));
#2314=EDGE_LOOP('',(#686));
#2315=EDGE_LOOP('',(#687));
#2316=EDGE_LOOP('',(#688));
#2317=EDGE_LOOP('',(#689));
#2318=EDGE_LOOP('',(#690));
#2319=EDGE_LOOP('',(#691));
#2320=EDGE_LOOP('',(#692));
#2321=EDGE_LOOP('',(#693));
#2322=EDGE_LOOP('',(#694));
#2323=EDGE_LOOP('',(#695));
#2324=EDGE_LOOP('',(#696));
#2325=EDGE_LOOP('',(#697));
#2326=EDGE_LOOP('',(#698));
#2327=EDGE_LOOP('',(#699));
#2328=EDGE_LOOP('',(#700));
#2329=EDGE_LOOP('',(#701));
#2330=EDGE_LOOP('',(#702));
#2331=EDGE_LOOP('',(#703));
#2332=EDGE_LOOP('',(#704));
#2333=EDGE_LOOP('',(#705));
#2334=EDGE_LOOP('',(#706));
#2335=EDGE_LOOP('',(#707));
#2336=EDGE_LOOP('',(#708));
#2337=EDGE_LOOP('',(#709));
#2338=EDGE_LOOP('',(#710));
#2339=EDGE_LOOP('',(#711));
#2340=EDGE_LOOP('',(#712));
#2341=EDGE_LOOP('',(#713));
#2342=EDGE_LOOP('',(#714));
#2343=EDGE_LOOP('',(#715));
#2344=EDGE_LOOP('',(#716));
#2345=EDGE_LOOP('',(#717));
#2346=EDGE_LOOP('',(#718));
#2347=EDGE_LOOP('',(#719));
#2348=EDGE_LOOP('',(#720));
#2349=EDGE_LOOP('',(#721));
#2350=EDGE_LOOP('',(#722));
#2351=EDGE_LOOP('',(#723));
#2352=EDGE_LOOP('',(#724));
#2353=EDGE_LOOP('',(#725));
#2354=EDGE_LOOP('',(#726));
#2355=EDGE_LOOP('',(#727));
#2356=EDGE_LOOP('',(#728,#729,#730,#731));
#2357=EDGE_LOOP('',(#732,#733,#734,#735));
#2358=EDGE_LOOP('',(#736,#737,#738,#739));
#2359=EDGE_LOOP('',(#740,#741,#742,#743));
#2360=EDGE_LOOP('',(#744,#745,#746,#747));
#2361=EDGE_LOOP('',(#748,#749,#750,#751));
#2362=EDGE_LOOP('',(#752,#753,#754,#755));
#2363=EDGE_LOOP('',(#756,#757,#758,#759));
#2364=EDGE_LOOP('',(#760,#761,#762,#763));
#2365=EDGE_LOOP('',(#764,#765,#766,#767));
#2366=EDGE_LOOP('',(#768,#769,#770,#771));
#2367=EDGE_LOOP('',(#772,#773,#774,#775));
#2368=EDGE_LOOP('',(#776,#777,#778,#779));
#2369=EDGE_LOOP('',(#780,#781,#782,#783));
#2370=EDGE_LOOP('',(#784,#785,#786,#787));
#2371=EDGE_LOOP('',(#788,#789,#790,#791));
#2372=EDGE_LOOP('',(#792,#793,#794,#795));
#2373=EDGE_LOOP('',(#796,#797,#798,#799));
#2374=EDGE_LOOP('',(#800,#801,#802,#803));
#2375=EDGE_LOOP('',(#804,#805,#806,#807));
#2376=EDGE_LOOP('',(#808,#809,#810,#811));
#2377=EDGE_LOOP('',(#812,#813,#814,#815));
#2378=EDGE_LOOP('',(#816,#817,#818,#819));
#2379=EDGE_LOOP('',(#820,#821,#822,#823));
#2380=EDGE_LOOP('',(#824,#825,#826,#827));
#2381=EDGE_LOOP('',(#828,#829,#830,#831));
#2382=EDGE_LOOP('',(#832,#833,#834,#835));
#2383=EDGE_LOOP('',(#836,#837,#838,#839));
#2384=EDGE_LOOP('',(#840,#841,#842,#843));
#2385=EDGE_LOOP('',(#844,#845,#846,#847));
#2386=EDGE_LOOP('',(#848,#849,#850,#851));
#2387=EDGE_LOOP('',(#852,#853,#854,#855));
#2388=EDGE_LOOP('',(#856,#857,#858,#859));
#2389=EDGE_LOOP('',(#860,#861,#862,#863));
#2390=EDGE_LOOP('',(#864,#865,#866,#867));
#2391=EDGE_LOOP('',(#868,#869,#870,#871));
#2392=EDGE_LOOP('',(#872,#873,#874,#875));
#2393=EDGE_LOOP('',(#876,#877,#878,#879));
#2394=EDGE_LOOP('',(#880,#881,#882,#883));
#2395=EDGE_LOOP('',(#884,#885,#886,#887));
#2396=EDGE_LOOP('',(#888,#889,#890,#891));
#2397=EDGE_LOOP('',(#892,#893,#894,#895));
#2398=EDGE_LOOP('',(#896,#897,#898,#899));
#2399=EDGE_LOOP('',(#900,#901,#902,#903));
#2400=EDGE_LOOP('',(#904,#905,#906,#907));
#2401=EDGE_LOOP('',(#908,#909,#910,#911));
#2402=EDGE_LOOP('',(#912,#913,#914,#915));
#2403=EDGE_LOOP('',(#916,#917,#918,#919));
#2404=EDGE_LOOP('',(#920,#921,#922,#923));
#2405=EDGE_LOOP('',(#924,#925,#926,#927));
#2406=EDGE_LOOP('',(#928,#929,#930,#931));
#2407=EDGE_LOOP('',(#932,#933,#934,#935));
#2408=EDGE_LOOP('',(#936,#937,#938,#939));
#2409=EDGE_LOOP('',(#940,#941,#942,#943));
#2410=EDGE_LOOP('',(#944,#945,#946,#947));
#2411=EDGE_LOOP('',(#948,#949,#950,#951));
#2412=EDGE_LOOP('',(#952,#953,#954,#955));
#2413=EDGE_LOOP('',(#956,#957,#958,#959));
#2414=EDGE_LOOP('',(#960,#961,#962,#963));
#2415=EDGE_LOOP('',(#964,#965,#966,#967));
#2416=EDGE_LOOP('',(#968,#969,#970,#971));
#2417=EDGE_LOOP('',(#972,#973,#974,#975));
#2418=EDGE_LOOP('',(#976,#977,#978,#979));
#2419=EDGE_LOOP('',(#980,#981,#982,#983));
#2420=EDGE_LOOP('',(#984,#985,#986,#987));
#2421=EDGE_LOOP('',(#988,#989,#990,#991));
#2422=EDGE_LOOP('',(#992,#993,#994,#995));
#2423=EDGE_LOOP('',(#996,#997,#998,#999));
#2424=EDGE_LOOP('',(#1000,#1001,#1002,#1003));
#2425=EDGE_LOOP('',(#1004,#1005,#1006,#1007));
#2426=EDGE_LOOP('',(#1008,#1009,#1010,#1011));
#2427=EDGE_LOOP('',(#1012,#1013,#1014,#1015));
#2428=EDGE_LOOP('',(#1016,#1017,#1018,#1019));
#2429=EDGE_LOOP('',(#1020,#1021,#1022,#1023));
#2430=EDGE_LOOP('',(#1024,#1025,#1026,#1027));
#2431=EDGE_LOOP('',(#1028,#1029,#1030,#1031));
#2432=EDGE_LOOP('',(#1032,#1033,#1034,#1035));
#2433=EDGE_LOOP('',(#1036,#1037,#1038,#1039));
#2434=EDGE_LOOP('',(#1040,#1041,#1042,#1043));
#2435=EDGE_LOOP('',(#1044,#1045,#1046,#1047));
#2436=EDGE_LOOP('',(#1048,#1049,#1050,#1051));
#2437=EDGE_LOOP('',(#1052,#1053,#1054,#1055));
#2438=EDGE_LOOP('',(#1056,#1057,#1058,#1059));
#2439=EDGE_LOOP('',(#1060,#1061,#1062,#1063));
#2440=EDGE_LOOP('',(#1064,#1065,#1066,#1067));
#2441=EDGE_LOOP('',(#1068,#1069,#1070,#1071));
#2442=EDGE_LOOP('',(#1072,#1073,#1074,#1075));
#2443=EDGE_LOOP('',(#1076,#1077,#1078,#1079));
#2444=EDGE_LOOP('',(#1080,#1081,#1082,#1083));
#2445=EDGE_LOOP('',(#1084,#1085,#1086,#1087));
#2446=EDGE_LOOP('',(#1088));
#2447=EDGE_LOOP('',(#1089));
#2448=EDGE_LOOP('',(#1090));
#2449=EDGE_LOOP('',(#1091));
#2450=EDGE_LOOP('',(#1092));
#2451=EDGE_LOOP('',(#1093));
#2452=EDGE_LOOP('',(#1094));
#2453=EDGE_LOOP('',(#1095));
#2454=FACE_BOUND('',#2234,.T.);
#2455=FACE_BOUND('',#2235,.T.);
#2456=FACE_BOUND('',#2236,.T.);
#2457=FACE_BOUND('',#2237,.T.);
#2458=FACE_BOUND('',#2238,.T.);
#2459=FACE_BOUND('',#2239,.T.);
#2460=FACE_BOUND('',#2240,.T.);
#2461=FACE_BOUND('',#2241,.T.);
#2462=FACE_BOUND('',#2242,.T.);
#2463=FACE_BOUND('',#2243,.T.);
#2464=FACE_BOUND('',#2244,.T.);
#2465=FACE_BOUND('',#2245,.T.);
#2466=FACE_BOUND('',#2246,.T.);
#2467=FACE_BOUND('',#2247,.T.);
#2468=FACE_BOUND('',#2248,.T.);
#2469=FACE_BOUND('',#2249,.T.);
#2470=FACE_BOUND('',#2250,.T.);
#2471=FACE_BOUND('',#2251,.T.);
#2472=FACE_BOUND('',#2252,.T.);
#2473=FACE_BOUND('',#2253,.T.);
#2474=FACE_BOUND('',#2254,.T.);
#2475=FACE_BOUND('',#2255,.T.);
#2476=FACE_BOUND('',#2256,.T.);
#2477=FACE_BOUND('',#2257,.T.);
#2478=FACE_BOUND('',#2258,.T.);
#2479=FACE_BOUND('',#2259,.T.);
#2480=FACE_BOUND('',#2260,.T.);
#2481=FACE_BOUND('',#2261,.T.);
#2482=FACE_BOUND('',#2262,.T.);
#2483=FACE_BOUND('',#2263,.T.);
#2484=FACE_BOUND('',#2264,.T.);
#2485=FACE_BOUND('',#2265,.T.);
#2486=FACE_BOUND('',#2266,.T.);
#2487=FACE_BOUND('',#2267,.T.);
#2488=FACE_BOUND('',#2268,.T.);
#2489=FACE_BOUND('',#2269,.T.);
#2490=FACE_BOUND('',#2270,.T.);
#2491=FACE_BOUND('',#2271,.T.);
#2492=FACE_BOUND('',#2272,.T.);
#2493=FACE_BOUND('',#2273,.T.);
#2494=FACE_BOUND('',#2274,.T.);
#2495=FACE_BOUND('',#2275,.T.);
#2496=FACE_BOUND('',#2276,.T.);
#2497=FACE_BOUND('',#2277,.T.);
#2498=FACE_BOUND('',#2278,.T.);
#2499=FACE_BOUND('',#2279,.T.);
#2500=FACE_BOUND('',#2280,.T.);
#2501=FACE_BOUND('',#2281,.T.);
#2502=FACE_BOUND('',#2282,.T.);
#2503=FACE_BOUND('',#2283,.T.);
#2504=FACE_BOUND('',#2284,.T.);
#2505=FACE_BOUND('',#2285,.T.);
#2506=FACE_BOUND('',#2286,.T.);
#2507=FACE_BOUND('',#2287,.T.);
#2508=FACE_BOUND('',#2288,.T.);
#2509=FACE_BOUND('',#2289,.T.);
#2510=FACE_BOUND('',#2290,.T.);
#2511=FACE_BOUND('',#2291,.T.);
#2512=FACE_BOUND('',#2292,.T.);
#2513=FACE_BOUND('',#2293,.T.);
#2514=FACE_BOUND('',#2294,.T.);
#2515=FACE_BOUND('',#2295,.T.);
#2516=FACE_BOUND('',#2296,.T.);
#2517=FACE_BOUND('',#2297,.T.);
#2518=FACE_BOUND('',#2298,.T.);
#2519=FACE_BOUND('',#2299,.T.);
#2520=FACE_BOUND('',#2300,.T.);
#2521=FACE_BOUND('',#2301,.T.);
#2522=FACE_BOUND('',#2302,.T.);
#2523=FACE_BOUND('',#2303,.T.);
#2524=FACE_BOUND('',#2304,.T.);
#2525=FACE_BOUND('',#2305,.T.);
#2526=FACE_BOUND('',#2306,.T.);
#2527=FACE_BOUND('',#2307,.T.);
#2528=FACE_BOUND('',#2308,.T.);
#2529=FACE_BOUND('',#2309,.T.);
#2530=FACE_BOUND('',#2310,.T.);
#2531=FACE_BOUND('',#2311,.T.);
#2532=FACE_BOUND('',#2312,.T.);
#2533=FACE_BOUND('',#2313,.T.);
#2534=FACE_BOUND('',#2314,.T.);
#2535=FACE_BOUND('',#2315,.T.);
#2536=FACE_BOUND('',#2316,.T.);
#2537=FACE_BOUND('',#2317,.T.);
#2538=FACE_BOUND('',#2318,.T.);
#2539=FACE_BOUND('',#2319,.T.);
#2540=FACE_BOUND('',#2320,.T.);
#2541=FACE_BOUND('',#2321,.T.);
#2542=FACE_BOUND('',#2322,.T.);
#2543=FACE_BOUND('',#2323,.T.);
#2544=FACE_BOUND('',#2324,.T.);
#2545=FACE_BOUND('',#2325,.T.);
#2546=FACE_BOUND('',#2326,.T.);
#2547=FACE_BOUND('',#2327,.T.);
#2548=FACE_BOUND('',#2328,.T.);
#2549=FACE_BOUND('',#2329,.T.);
#2550=FACE_BOUND('',#2330,.T.);
#2551=FACE_BOUND('',#2331,.T.);
#2552=FACE_BOUND('',#2332,.T.);
#2553=FACE_BOUND('',#2333,.T.);
#2554=FACE_BOUND('',#2334,.T.);
#2555=FACE_BOUND('',#2335,.T.);
#2556=FACE_BOUND('',#2336,.T.);
#2557=FACE_BOUND('',#2337,.T.);
#2558=FACE_BOUND('',#2338,.T.);
#2559=FACE_BOUND('',#2339,.T.);
#2560=FACE_BOUND('',#2340,.T.);
#2561=FACE_BOUND('',#2341,.T.);
#2562=FACE_BOUND('',#2342,.T.);
#2563=FACE_BOUND('',#2343,.T.);
#2564=FACE_BOUND('',#2344,.T.);
#2565=FACE_BOUND('',#2345,.T.);
#2566=FACE_BOUND('',#2346,.T.);
#2567=FACE_BOUND('',#2347,.T.);
#2568=FACE_BOUND('',#2348,.T.);
#2569=FACE_BOUND('',#2349,.T.);
#2570=FACE_BOUND('',#2350,.T.);
#2571=FACE_BOUND('',#2351,.T.);
#2572=FACE_BOUND('',#2352,.T.);
#2573=FACE_BOUND('',#2353,.T.);
#2574=FACE_BOUND('',#2354,.T.);
#2575=FACE_BOUND('',#2355,.T.);
#2576=FACE_BOUND('',#2356,.T.);
#2577=FACE_BOUND('',#2357,.T.);
#2578=FACE_BOUND('',#2358,.T.);
#2579=FACE_BOUND('',#2359,.T.);
#2580=FACE_BOUND('',#2360,.T.);
#2581=FACE_BOUND('',#2361,.T.);
#2582=FACE_BOUND('',#2362,.T.);
#2583=FACE_BOUND('',#2363,.T.);
#2584=FACE_BOUND('',#2364,.T.);
#2585=FACE_BOUND('',#2365,.T.);
#2586=FACE_BOUND('',#2366,.T.);
#2587=FACE_BOUND('',#2367,.T.);
#2588=FACE_BOUND('',#2368,.T.);
#2589=FACE_BOUND('',#2369,.T.);
#2590=FACE_BOUND('',#2370,.T.);
#2591=FACE_BOUND('',#2371,.T.);
#2592=FACE_BOUND('',#2372,.T.);
#2593=FACE_BOUND('',#2373,.T.);
#2594=FACE_BOUND('',#2374,.T.);
#2595=FACE_BOUND('',#2375,.T.);
#2596=FACE_BOUND('',#2376,.T.);
#2597=FACE_BOUND('',#2377,.T.);
#2598=FACE_BOUND('',#2378,.T.);
#2599=FACE_BOUND('',#2379,.T.);
#2600=FACE_BOUND('',#2380,.T.);
#2601=FACE_BOUND('',#2381,.T.);
#2602=FACE_BOUND('',#2382,.T.);
#2603=FACE_BOUND('',#2383,.T.);
#2604=FACE_BOUND('',#2384,.T.);
#2605=FACE_BOUND('',#2385,.T.);
#2606=FACE_BOUND('',#2386,.T.);
#2607=FACE_BOUND('',#2387,.T.);
#2608=FACE_BOUND('',#2388,.T.);
#2609=FACE_BOUND('',#2389,.T.);
#2610=FACE_BOUND('',#2390,.T.);
#2611=FACE_BOUND('',#2391,.T.);
#2612=FACE_BOUND('',#2392,.T.);
#2613=FACE_BOUND('',#2393,.T.);
#2614=FACE_BOUND('',#2394,.T.);
#2615=FACE_BOUND('',#2395,.T.);
#2616=FACE_BOUND('',#2396,.T.);
#2617=FACE_BOUND('',#2397,.T.);
#2618=FACE_BOUND('',#2398,.T.);
#2619=FACE_BOUND('',#2399,.T.);
#2620=FACE_BOUND('',#2400,.T.);
#2621=FACE_BOUND('',#2401,.T.);
#2622=FACE_BOUND('',#2402,.T.);
#2623=FACE_BOUND('',#2403,.T.);
#2624=FACE_BOUND('',#2404,.T.);
#2625=FACE_BOUND('',#2405,.T.);
#2626=FACE_BOUND('',#2406,.T.);
#2627=FACE_BOUND('',#2407,.T.);
#2628=FACE_BOUND('',#2408,.T.);
#2629=FACE_BOUND('',#2409,.T.);
#2630=FACE_BOUND('',#2410,.T.);
#2631=FACE_BOUND('',#2411,.T.);
#2632=FACE_BOUND('',#2412,.T.);
#2633=FACE_BOUND('',#2413,.T.);
#2634=FACE_BOUND('',#2414,.T.);
#2635=FACE_BOUND('',#2415,.T.);
#2636=FACE_BOUND('',#2416,.T.);
#2637=FACE_BOUND('',#2417,.T.);
#2638=FACE_BOUND('',#2418,.T.);
#2639=FACE_BOUND('',#2419,.T.);
#2640=FACE_BOUND('',#2420,.T.);
#2641=FACE_BOUND('',#2421,.T.);
#2642=FACE_BOUND('',#2422,.T.);
#2643=FACE_BOUND('',#2423,.T.);
#2644=FACE_BOUND('',#2424,.T.);
#2645=FACE_BOUND('',#2425,.T.);
#2646=FACE_BOUND('',#2426,.T.);
#2647=FACE_BOUND('',#2427,.T.);
#2648=FACE_BOUND('',#2428,.T.);
#2649=FACE_BOUND('',#2429,.T.);
#2650=FACE_BOUND('',#2430,.T.);
#2651=FACE_BOUND('',#2431,.T.);
#2652=FACE_BOUND('',#2432,.T.);
#2653=FACE_BOUND('',#2433,.T.);
#2654=FACE_BOUND('',#2434,.T.);
#2655=FACE_BOUND('',#2435,.T.);
#2656=FACE_BOUND('',#2436,.T.);
#2657=FACE_BOUND('',#2437,.T.);
#2658=FACE_BOUND('',#2438,.T.);
#2659=FACE_BOUND('',#2439,.T.);
#2660=FACE_BOUND('',#2440,.T.);
#2661=FACE_BOUND('',#2441,.T.);
#2662=FACE_BOUND('',#2442,.T.);
#2663=FACE_BOUND('',#2443,.T.);
#2664=FACE_BOUND('',#2444,.T.);
#2665=FACE_BOUND('',#2445,.T.);
#2666=FACE_BOUND('',#2446,.T.);
#2667=FACE_BOUND('',#2447,.T.);
#2668=FACE_BOUND('',#2448,.T.);
#2669=FACE_BOUND('',#2449,.T.);
#2670=FACE_BOUND('',#2450,.T.);
#2671=FACE_BOUND('',#2451,.T.);
#2672=FACE_BOUND('',#2452,.T.);
#2673=FACE_BOUND('',#2453,.T.);
#2674=CYLINDRICAL_SURFACE('',#2927,0.0022606);
#2675=CYLINDRICAL_SURFACE('',#2930,0.0022606);
#2676=CYLINDRICAL_SURFACE('',#2933,0.0022606);
#2677=CYLINDRICAL_SURFACE('',#2936,0.0022606);
#2678=CYLINDRICAL_SURFACE('',#2939,0.0022606);
#2679=CYLINDRICAL_SURFACE('',#2942,0.0022606);
#2680=CYLINDRICAL_SURFACE('',#2969,0.005);
#2681=CYLINDRICAL_SURFACE('',#3132,0.005);
#2682=CYLINDRICAL_SURFACE('',#3134,0.005);
#2683=CYLINDRICAL_SURFACE('',#3136,0.005);
#2684=CYLINDRICAL_SURFACE('',#3138,0.005);
#2685=CYLINDRICAL_SURFACE('',#3140,0.0016);
#2686=CYLINDRICAL_SURFACE('',#3143,0.0016);
#2687=CYLINDRICAL_SURFACE('',#3146,0.0016);
#2688=CYLINDRICAL_SURFACE('',#3149,0.0016);
#2689=CYLINDRICAL_SURFACE('',#3152,0.0016);
#2690=CYLINDRICAL_SURFACE('',#3155,0.0016);
#2691=CYLINDRICAL_SURFACE('',#3158,0.0016);
#2692=CYLINDRICAL_SURFACE('',#3161,0.0016);
#2693=CYLINDRICAL_SURFACE('',#3164,0.0016);
#2694=CYLINDRICAL_SURFACE('',#3167,0.0016);
#2695=CYLINDRICAL_SURFACE('',#3170,0.0016);
#2696=CYLINDRICAL_SURFACE('',#3173,0.0016);
#2697=CYLINDRICAL_SURFACE('',#3177,0.00736);
#2698=CYLINDRICAL_SURFACE('',#3178,0.00736);
#2699=CYLINDRICAL_SURFACE('',#3181,0.0022606);
#2700=CYLINDRICAL_SURFACE('',#3182,0.0022606);
#2701=CYLINDRICAL_SURFACE('',#3183,0.0022606);
#2702=CYLINDRICAL_SURFACE('',#3184,0.0022606);
#2703=CYLINDRICAL_SURFACE('',#3185,0.0022606);
#2704=CYLINDRICAL_SURFACE('',#3186,0.0022606);
#2705=CYLINDRICAL_SURFACE('',#3188,0.00736);
#2706=CYLINDRICAL_SURFACE('',#3189,0.00736);
#2707=CYLINDRICAL_SURFACE('',#3192,0.0022606);
#2708=CYLINDRICAL_SURFACE('',#3193,0.0022606);
#2709=CYLINDRICAL_SURFACE('',#3194,0.0022606);
#2710=CYLINDRICAL_SURFACE('',#3195,0.0022606);
#2711=CYLINDRICAL_SURFACE('',#3196,0.0022606);
#2712=CYLINDRICAL_SURFACE('',#3197,0.0022606);
#2713=CYLINDRICAL_SURFACE('',#3199,0.00736);
#2714=CYLINDRICAL_SURFACE('',#3201,0.00736);
#2715=CYLINDRICAL_SURFACE('',#3202,0.00736);
#2716=CYLINDRICAL_SURFACE('',#3206,0.0022606);
#2717=CYLINDRICAL_SURFACE('',#3207,0.0022606);
#2718=CYLINDRICAL_SURFACE('',#3208,0.0022606);
#2719=CYLINDRICAL_SURFACE('',#3209,0.0022606);
#2720=CYLINDRICAL_SURFACE('',#3210,0.0022606);
#2721=CYLINDRICAL_SURFACE('',#3211,0.0022606);
#2722=CYLINDRICAL_SURFACE('',#3212,0.0022606);
#2723=CYLINDRICAL_SURFACE('',#3213,0.0022606);
#2724=CYLINDRICAL_SURFACE('',#3214,0.0022606);
#2725=CYLINDRICAL_SURFACE('',#3216,0.00736);
#2726=CYLINDRICAL_SURFACE('',#3218,0.00736);
#2727=CYLINDRICAL_SURFACE('',#3219,0.00736);
#2728=CYLINDRICAL_SURFACE('',#3223,0.0022606);
#2729=CYLINDRICAL_SURFACE('',#3224,0.0022606);
#2730=CYLINDRICAL_SURFACE('',#3225,0.0022606);
#2731=CYLINDRICAL_SURFACE('',#3226,0.0022606);
#2732=CYLINDRICAL_SURFACE('',#3227,0.0022606);
#2733=CYLINDRICAL_SURFACE('',#3228,0.0022606);
#2734=CYLINDRICAL_SURFACE('',#3229,0.0022606);
#2735=CYLINDRICAL_SURFACE('',#3230,0.0022606);
#2736=CYLINDRICAL_SURFACE('',#3231,0.0022606);
#2737=CYLINDRICAL_SURFACE('',#3232,0.00736);
#2738=CYLINDRICAL_SURFACE('',#3233,0.00736);
#2739=CYLINDRICAL_SURFACE('',#3234,0.00736);
#2740=CYLINDRICAL_SURFACE('',#3240,0.0022606);
#2741=CYLINDRICAL_SURFACE('',#3241,0.0022606);
#2742=CYLINDRICAL_SURFACE('',#3242,0.0022606);
#2743=CYLINDRICAL_SURFACE('',#3243,0.0022606);
#2744=CYLINDRICAL_SURFACE('',#3244,0.0022606);
#2745=CYLINDRICAL_SURFACE('',#3245,0.0022606);
#2746=CYLINDRICAL_SURFACE('',#3246,0.0022606);
#2747=CYLINDRICAL_SURFACE('',#3247,0.0022606);
#2748=CYLINDRICAL_SURFACE('',#3248,0.0022606);
#2749=CYLINDRICAL_SURFACE('',#3250,0.00736);
#2750=CYLINDRICAL_SURFACE('',#3252,0.00736);
#2751=CYLINDRICAL_SURFACE('',#3253,0.00736);
#2752=CYLINDRICAL_SURFACE('',#3257,0.0022606);
#2753=CYLINDRICAL_SURFACE('',#3258,0.0022606);
#2754=CYLINDRICAL_SURFACE('',#3259,0.0022606);
#2755=CYLINDRICAL_SURFACE('',#3260,0.0022606);
#2756=CYLINDRICAL_SURFACE('',#3261,0.0022606);
#2757=CYLINDRICAL_SURFACE('',#3262,0.0022606);
#2758=CYLINDRICAL_SURFACE('',#3263,0.0022606);
#2759=CYLINDRICAL_SURFACE('',#3264,0.0022606);
#2760=CYLINDRICAL_SURFACE('',#3265,0.0022606);
#2761=CYLINDRICAL_SURFACE('',#3266,0.0016);
#2762=CYLINDRICAL_SURFACE('',#3267,0.0016);
#2763=CYLINDRICAL_SURFACE('',#3268,0.0016);
#2764=CYLINDRICAL_SURFACE('',#3269,0.0016);
#2765=ADVANCED_FACE('',(#2454),#2674,.F.);
#2766=ADVANCED_FACE('',(#2455),#2675,.F.);
#2767=ADVANCED_FACE('',(#2456),#2676,.F.);
#2768=ADVANCED_FACE('',(#2457),#2677,.F.);
#2769=ADVANCED_FACE('',(#2458),#2678,.F.);
#2770=ADVANCED_FACE('',(#2459),#2679,.F.);
#2771=ADVANCED_FACE('',(#2460),#32,.F.);
#2772=ADVANCED_FACE('',(#2461),#33,.F.);
#2773=ADVANCED_FACE('',(#2462),#34,.F.);
#2774=ADVANCED_FACE('',(#2463),#35,.F.);
#2775=ADVANCED_FACE('',(#2464),#36,.F.);
#2776=ADVANCED_FACE('',(#2465),#37,.F.);
#2777=ADVANCED_FACE('',(#2466),#38,.F.);
#2778=ADVANCED_FACE('',(#2467),#39,.F.);
#2779=ADVANCED_FACE('',(#2468),#40,.F.);
#2780=ADVANCED_FACE('',(#2469),#41,.F.);
#2781=ADVANCED_FACE('',(#2470),#42,.F.);
#2782=ADVANCED_FACE('',(#2471),#43,.F.);
#2783=ADVANCED_FACE('',(#2472,#2473,#2474,#2475,#2476,#2477),#44,.T.);
#2784=ADVANCED_FACE('',(#2478,#2479,#2480,#2481,#2482,#2483),#45,.F.);
#2785=ADVANCED_FACE('',(#2484,#2485),#2680,.F.);
#2786=ADVANCED_FACE('',(#2486,#2487,#2488,#2489,#2490,#2491,#2492,#2493,
#2494,#2495,#2496,#2497,#2498,#2499),#46,.T.);
#2787=ADVANCED_FACE('',(#2500,#2501,#2502,#2503,#2504,#2505,#2506,#2507,
#2508,#2509,#2510,#2511,#2512,#2513,#2514,#2515,#2516,#2517,#2518,#2519),
#47,.F.);
#2788=ADVANCED_FACE('',(#2520),#2681,.T.);
#2789=ADVANCED_FACE('',(#2521),#48,.F.);
#2790=ADVANCED_FACE('',(#2522),#2682,.T.);
#2791=ADVANCED_FACE('',(#2523),#49,.F.);
#2792=ADVANCED_FACE('',(#2524),#2683,.T.);
#2793=ADVANCED_FACE('',(#2525),#50,.T.);
#2794=ADVANCED_FACE('',(#2526),#2684,.T.);
#2795=ADVANCED_FACE('',(#2527),#51,.T.);
#2796=ADVANCED_FACE('',(#2528,#2529),#2685,.F.);
#2797=ADVANCED_FACE('',(#2530,#2531),#20,.F.);
#2798=ADVANCED_FACE('',(#2532,#2533),#2686,.F.);
#2799=ADVANCED_FACE('',(#2534,#2535),#21,.F.);
#2800=ADVANCED_FACE('',(#2536,#2537),#2687,.F.);
#2801=ADVANCED_FACE('',(#2538,#2539),#22,.F.);
#2802=ADVANCED_FACE('',(#2540,#2541),#2688,.F.);
#2803=ADVANCED_FACE('',(#2542,#2543),#23,.F.);
#2804=ADVANCED_FACE('',(#2544,#2545),#2689,.F.);
#2805=ADVANCED_FACE('',(#2546,#2547),#24,.F.);
#2806=ADVANCED_FACE('',(#2548,#2549),#2690,.F.);
#2807=ADVANCED_FACE('',(#2550,#2551),#25,.F.);
#2808=ADVANCED_FACE('',(#2552,#2553),#2691,.F.);
#2809=ADVANCED_FACE('',(#2554,#2555),#26,.F.);
#2810=ADVANCED_FACE('',(#2556,#2557),#2692,.F.);
#2811=ADVANCED_FACE('',(#2558,#2559),#27,.F.);
#2812=ADVANCED_FACE('',(#2560,#2561),#2693,.F.);
#2813=ADVANCED_FACE('',(#2562,#2563),#28,.F.);
#2814=ADVANCED_FACE('',(#2564,#2565),#2694,.F.);
#2815=ADVANCED_FACE('',(#2566,#2567),#29,.F.);
#2816=ADVANCED_FACE('',(#2568,#2569),#2695,.F.);
#2817=ADVANCED_FACE('',(#2570,#2571),#30,.F.);
#2818=ADVANCED_FACE('',(#2572,#2573),#2696,.F.);
#2819=ADVANCED_FACE('',(#2574,#2575),#31,.F.);
#2820=ADVANCED_FACE('',(#2576),#52,.T.);
#2821=ADVANCED_FACE('',(#2577),#2697,.T.);
#2822=ADVANCED_FACE('',(#2578),#2698,.T.);
#2823=ADVANCED_FACE('',(#2579),#53,.T.);
#2824=ADVANCED_FACE('',(#2580),#54,.T.);
#2825=ADVANCED_FACE('',(#2581),#2699,.F.);
#2826=ADVANCED_FACE('',(#2582),#2700,.F.);
#2827=ADVANCED_FACE('',(#2583),#2701,.F.);
#2828=ADVANCED_FACE('',(#2584),#2702,.F.);
#2829=ADVANCED_FACE('',(#2585),#2703,.F.);
#2830=ADVANCED_FACE('',(#2586),#2704,.F.);
#2831=ADVANCED_FACE('',(#2587),#55,.F.);
#2832=ADVANCED_FACE('',(#2588),#2705,.T.);
#2833=ADVANCED_FACE('',(#2589),#2706,.T.);
#2834=ADVANCED_FACE('',(#2590),#56,.T.);
#2835=ADVANCED_FACE('',(#2591),#57,.T.);
#2836=ADVANCED_FACE('',(#2592),#2707,.F.);
#2837=ADVANCED_FACE('',(#2593),#2708,.F.);
#2838=ADVANCED_FACE('',(#2594),#2709,.F.);
#2839=ADVANCED_FACE('',(#2595),#2710,.F.);
#2840=ADVANCED_FACE('',(#2596),#2711,.F.);
#2841=ADVANCED_FACE('',(#2597),#2712,.F.);
#2842=ADVANCED_FACE('',(#2598),#58,.T.);
#2843=ADVANCED_FACE('',(#2599),#2713,.T.);
#2844=ADVANCED_FACE('',(#2600),#59,.T.);
#2845=ADVANCED_FACE('',(#2601),#2714,.T.);
#2846=ADVANCED_FACE('',(#2602),#2715,.T.);
#2847=ADVANCED_FACE('',(#2603),#60,.T.);
#2848=ADVANCED_FACE('',(#2604),#61,.T.);
#2849=ADVANCED_FACE('',(#2605),#62,.T.);
#2850=ADVANCED_FACE('',(#2606),#2716,.F.);
#2851=ADVANCED_FACE('',(#2607),#2717,.F.);
#2852=ADVANCED_FACE('',(#2608),#2718,.F.);
#2853=ADVANCED_FACE('',(#2609),#2719,.F.);
#2854=ADVANCED_FACE('',(#2610),#2720,.F.);
#2855=ADVANCED_FACE('',(#2611),#2721,.F.);
#2856=ADVANCED_FACE('',(#2612),#2722,.F.);
#2857=ADVANCED_FACE('',(#2613),#2723,.F.);
#2858=ADVANCED_FACE('',(#2614),#2724,.F.);
#2859=ADVANCED_FACE('',(#2615),#63,.F.);
#2860=ADVANCED_FACE('',(#2616),#2725,.T.);
#2861=ADVANCED_FACE('',(#2617),#64,.F.);
#2862=ADVANCED_FACE('',(#2618),#2726,.T.);
#2863=ADVANCED_FACE('',(#2619),#2727,.T.);
#2864=ADVANCED_FACE('',(#2620),#65,.T.);
#2865=ADVANCED_FACE('',(#2621),#66,.T.);
#2866=ADVANCED_FACE('',(#2622),#67,.T.);
#2867=ADVANCED_FACE('',(#2623),#2728,.F.);
#2868=ADVANCED_FACE('',(#2624),#2729,.F.);
#2869=ADVANCED_FACE('',(#2625),#2730,.F.);
#2870=ADVANCED_FACE('',(#2626),#2731,.F.);
#2871=ADVANCED_FACE('',(#2627),#2732,.F.);
#2872=ADVANCED_FACE('',(#2628),#2733,.F.);
#2873=ADVANCED_FACE('',(#2629),#2734,.F.);
#2874=ADVANCED_FACE('',(#2630),#2735,.F.);
#2875=ADVANCED_FACE('',(#2631),#2736,.F.);
#2876=ADVANCED_FACE('',(#2632),#2737,.T.);
#2877=ADVANCED_FACE('',(#2633),#2738,.T.);
#2878=ADVANCED_FACE('',(#2634),#2739,.T.);
#2879=ADVANCED_FACE('',(#2635),#68,.T.);
#2880=ADVANCED_FACE('',(#2636),#69,.T.);
#2881=ADVANCED_FACE('',(#2637),#70,.T.);
#2882=ADVANCED_FACE('',(#2638),#71,.T.);
#2883=ADVANCED_FACE('',(#2639),#72,.T.);
#2884=ADVANCED_FACE('',(#2640),#2740,.F.);
#2885=ADVANCED_FACE('',(#2641),#2741,.F.);
#2886=ADVANCED_FACE('',(#2642),#2742,.F.);
#2887=ADVANCED_FACE('',(#2643),#2743,.F.);
#2888=ADVANCED_FACE('',(#2644),#2744,.F.);
#2889=ADVANCED_FACE('',(#2645),#2745,.F.);
#2890=ADVANCED_FACE('',(#2646),#2746,.F.);
#2891=ADVANCED_FACE('',(#2647),#2747,.F.);
#2892=ADVANCED_FACE('',(#2648),#2748,.F.);
#2893=ADVANCED_FACE('',(#2649),#73,.F.);
#2894=ADVANCED_FACE('',(#2650),#2749,.T.);
#2895=ADVANCED_FACE('',(#2651),#74,.F.);
#2896=ADVANCED_FACE('',(#2652),#2750,.T.);
#2897=ADVANCED_FACE('',(#2653),#2751,.T.);
#2898=ADVANCED_FACE('',(#2654),#75,.T.);
#2899=ADVANCED_FACE('',(#2655),#76,.T.);
#2900=ADVANCED_FACE('',(#2656),#77,.T.);
#2901=ADVANCED_FACE('',(#2657),#2752,.F.);
#2902=ADVANCED_FACE('',(#2658),#2753,.F.);
#2903=ADVANCED_FACE('',(#2659),#2754,.F.);
#2904=ADVANCED_FACE('',(#2660),#2755,.F.);
#2905=ADVANCED_FACE('',(#2661),#2756,.F.);
#2906=ADVANCED_FACE('',(#2662),#2757,.F.);
#2907=ADVANCED_FACE('',(#2663),#2758,.F.);
#2908=ADVANCED_FACE('',(#2664),#2759,.F.);
#2909=ADVANCED_FACE('',(#2665),#2760,.F.);
#2910=ADVANCED_FACE('',(#2666,#2667),#2761,.F.);
#2911=ADVANCED_FACE('',(#2668,#2669),#2762,.F.);
#2912=ADVANCED_FACE('',(#2670,#2671),#2763,.F.);
#2913=ADVANCED_FACE('',(#2672,#2673),#2764,.F.);
#2914=CLOSED_SHELL('',(#2765,#2766,#2767,#2768,#2769,#2770,#2771,#2772,
#2773,#2774,#2775,#2776,#2777,#2778,#2779,#2780,#2781,#2782,#2783,#2784,
#2785,#2786,#2787,#2788,#2789,#2790,#2791,#2792,#2793,#2794,#2795,#2796,
#2797,#2798,#2799,#2800,#2801,#2802,#2803,#2804,#2805,#2806,#2807,#2808,
#2809,#2810,#2811,#2812,#2813,#2814,#2815,#2816,#2817,#2818,#2819,#2820,
#2821,#2822,#2823,#2824,#2825,#2826,#2827,#2828,#2829,#2830,#2831,#2832,
#2833,#2834,#2835,#2836,#2837,#2838,#2839,#2840,#2841,#2842,#2843,#2844,
#2845,#2846,#2847,#2848,#2849,#2850,#2851,#2852,#2853,#2854,#2855,#2856,
#2857,#2858,#2859,#2860,#2861,#2862,#2863,#2864,#2865,#2866,#2867,#2868,
#2869,#2870,#2871,#2872,#2873,#2874,#2875,#2876,#2877,#2878,#2879,#2880,
#2881,#2882,#2883,#2884,#2885,#2886,#2887,#2888,#2889,#2890,#2891,#2892,
#2893,#2894,#2895,#2896,#2897,#2898,#2899,#2900,#2901,#2902,#2903,#2904,
#2905,#2906,#2907,#2908,#2909,#2910,#2911,#2912,#2913));
#2915=STYLED_ITEM('',(#2916),#2923);
#2916=PRESENTATION_STYLE_ASSIGNMENT((#2917));
#2917=SURFACE_STYLE_USAGE(.BOTH.,#2918);
#2918=SURFACE_SIDE_STYLE('',(#2919));
#2919=SURFACE_STYLE_FILL_AREA(#2920);
#2920=FILL_AREA_STYLE('',(#2921));
#2921=FILL_AREA_STYLE_COLOUR('',#2922);
#2922=COLOUR_RGB('',0.917647058823529,0.917647058823529,0.917647058823529);
#2923=MANIFOLD_SOLID_BREP('Part 2',#2914);
#2924=SHAPE_DEFINITION_REPRESENTATION(#5034,#2925);
#2925=SHAPE_REPRESENTATION('Part 2',(#2926),#5029);
#2926=AXIS2_PLACEMENT_3D('',#4176,#3270,#3271);
#2927=AXIS2_PLACEMENT_3D('',#4177,#3272,#3273);
#2928=AXIS2_PLACEMENT_3D('',#4181,#3275,#3276);
#2929=AXIS2_PLACEMENT_3D('',#4185,#3278,#3279);
#2930=AXIS2_PLACEMENT_3D('',#4186,#3280,#3281);
#2931=AXIS2_PLACEMENT_3D('',#4190,#3283,#3284);
#2932=AXIS2_PLACEMENT_3D('',#4194,#3286,#3287);
#2933=AXIS2_PLACEMENT_3D('',#4195,#3288,#3289);
#2934=AXIS2_PLACEMENT_3D('',#4199,#3291,#3292);
#2935=AXIS2_PLACEMENT_3D('',#4203,#3294,#3295);
#2936=AXIS2_PLACEMENT_3D('',#4204,#3296,#3297);
#2937=AXIS2_PLACEMENT_3D('',#4208,#3299,#3300);
#2938=AXIS2_PLACEMENT_3D('',#4212,#3302,#3303);
#2939=AXIS2_PLACEMENT_3D('',#4213,#3304,#3305);
#2940=AXIS2_PLACEMENT_3D('',#4217,#3307,#3308);
#2941=AXIS2_PLACEMENT_3D('',#4221,#3310,#3311);
#2942=AXIS2_PLACEMENT_3D('',#4222,#3312,#3313);
#2943=AXIS2_PLACEMENT_3D('',#4226,#3315,#3316);
#2944=AXIS2_PLACEMENT_3D('',#4230,#3318,#3319);
#2945=AXIS2_PLACEMENT_3D('',#4231,#3320,#3321);
#2946=AXIS2_PLACEMENT_3D('',#4234,#3324,#3325);
#2947=AXIS2_PLACEMENT_3D('',#4237,#3328,#3329);
#2948=AXIS2_PLACEMENT_3D('',#4240,#3332,#3333);
#2949=AXIS2_PLACEMENT_3D('',#4243,#3336,#3337);
#2950=AXIS2_PLACEMENT_3D('',#4246,#3340,#3341);
#2951=AXIS2_PLACEMENT_3D('',#4249,#3344,#3345);
#2952=AXIS2_PLACEMENT_3D('',#4266,#3354,#3355);
#2953=AXIS2_PLACEMENT_3D('',#4280,#3363,#3364);
#2954=AXIS2_PLACEMENT_3D('',#4294,#3372,#3373);
#2955=AXIS2_PLACEMENT_3D('',#4308,#3381,#3382);
#2956=AXIS2_PLACEMENT_3D('',#4322,#3390,#3391);
#2957=AXIS2_PLACEMENT_3D('',#4333,#3398,#3399);
#2958=AXIS2_PLACEMENT_3D('',#4334,#3400,#3401);
#2959=AXIS2_PLACEMENT_3D('',#4336,#3402,#3403);
#2960=AXIS2_PLACEMENT_3D('',#4338,#3404,#3405);
#2961=AXIS2_PLACEMENT_3D('',#4340,#3406,#3407);
#2962=AXIS2_PLACEMENT_3D('',#4342,#3408,#3409);
#2963=AXIS2_PLACEMENT_3D('',#4344,#3410,#3411);
#2964=AXIS2_PLACEMENT_3D('',#4345,#3412,#3413);
#2965=AXIS2_PLACEMENT_3D('',#4347,#3414,#3415);
#2966=AXIS2_PLACEMENT_3D('',#4349,#3416,#3417);
#2967=AXIS2_PLACEMENT_3D('',#4351,#3418,#3419);
#2968=AXIS2_PLACEMENT_3D('',#4353,#3420,#3421);
#2969=AXIS2_PLACEMENT_3D('',#4355,#3422,#3423);
#2970=AXIS2_PLACEMENT_3D('',#4356,#3424,#3425);
#2971=AXIS2_PLACEMENT_3D('',#4360,#3427,#3428);
#2972=AXIS2_PLACEMENT_3D('',#4364,#3430,#3431);
#2973=AXIS2_PLACEMENT_3D('',#4368,#3433,#3434);
#2974=AXIS2_PLACEMENT_3D('',#4372,#3436,#3437);
#2975=AXIS2_PLACEMENT_3D('',#4373,#3438,#3439);
#2976=AXIS2_PLACEMENT_3D('',#4375,#3440,#3441);
#2977=AXIS2_PLACEMENT_3D('',#4377,#3442,#3443);
#2978=AXIS2_PLACEMENT_3D('',#4379,#3444,#3445);
#2979=AXIS2_PLACEMENT_3D('',#4381,#3446,#3447);
#2980=AXIS2_PLACEMENT_3D('',#4383,#3448,#3449);
#2981=AXIS2_PLACEMENT_3D('',#4385,#3450,#3451);
#2982=AXIS2_PLACEMENT_3D('',#4387,#3452,#3453);
#2983=AXIS2_PLACEMENT_3D('',#4389,#3454,#3455);
#2984=AXIS2_PLACEMENT_3D('',#4391,#3456,#3457);
#2985=AXIS2_PLACEMENT_3D('',#4393,#3458,#3459);
#2986=AXIS2_PLACEMENT_3D('',#4395,#3460,#3461);
#2987=AXIS2_PLACEMENT_3D('',#4397,#3462,#3463);
#2988=AXIS2_PLACEMENT_3D('',#4401,#3465,#3466);
#2989=AXIS2_PLACEMENT_3D('',#4403,#3467,#3468);
#2990=AXIS2_PLACEMENT_3D('',#4405,#3469,#3470);
#2991=AXIS2_PLACEMENT_3D('',#4409,#3472,#3473);
#2992=AXIS2_PLACEMENT_3D('',#4411,#3474,#3475);
#2993=AXIS2_PLACEMENT_3D('',#4413,#3476,#3477);
#2994=AXIS2_PLACEMENT_3D('',#4417,#3479,#3480);
#2995=AXIS2_PLACEMENT_3D('',#4419,#3481,#3482);
#2996=AXIS2_PLACEMENT_3D('',#4421,#3483,#3484);
#2997=AXIS2_PLACEMENT_3D('',#4425,#3486,#3487);
#2998=AXIS2_PLACEMENT_3D('',#4429,#3489,#3490);
#2999=AXIS2_PLACEMENT_3D('',#4430,#3491,#3492);
#3000=AXIS2_PLACEMENT_3D('',#4434,#3494,#3495);
#3001=AXIS2_PLACEMENT_3D('',#4438,#3497,#3498);
#3002=AXIS2_PLACEMENT_3D('',#4440,#3499,#3500);
#3003=AXIS2_PLACEMENT_3D('',#4442,#3501,#3502);
#3004=AXIS2_PLACEMENT_3D('',#4446,#3504,#3505);
#3005=AXIS2_PLACEMENT_3D('',#4448,#3506,#3507);
#3006=AXIS2_PLACEMENT_3D('',#4450,#3508,#3509);
#3007=AXIS2_PLACEMENT_3D('',#4454,#3511,#3512);
#3008=AXIS2_PLACEMENT_3D('',#4456,#3513,#3514);
#3009=AXIS2_PLACEMENT_3D('',#4458,#3515,#3516);
#3010=AXIS2_PLACEMENT_3D('',#4462,#3518,#3519);
#3011=AXIS2_PLACEMENT_3D('',#4463,#3520,#3521);
#3012=AXIS2_PLACEMENT_3D('',#4467,#3523,#3524);
#3013=AXIS2_PLACEMENT_3D('',#4469,#3525,#3526);
#3014=AXIS2_PLACEMENT_3D('',#4471,#3527,#3528);
#3015=AXIS2_PLACEMENT_3D('',#4475,#3530,#3531);
#3016=AXIS2_PLACEMENT_3D('',#4477,#3532,#3533);
#3017=AXIS2_PLACEMENT_3D('',#4479,#3534,#3535);
#3018=AXIS2_PLACEMENT_3D('',#4483,#3537,#3538);
#3019=AXIS2_PLACEMENT_3D('',#4484,#3539,#3540);
#3020=AXIS2_PLACEMENT_3D('',#4488,#3542,#3543);
#3021=AXIS2_PLACEMENT_3D('',#4490,#3544,#3545);
#3022=AXIS2_PLACEMENT_3D('',#4492,#3546,#3547);
#3023=AXIS2_PLACEMENT_3D('',#4496,#3549,#3550);
#3024=AXIS2_PLACEMENT_3D('',#4498,#3551,#3552);
#3025=AXIS2_PLACEMENT_3D('',#4500,#3553,#3554);
#3026=AXIS2_PLACEMENT_3D('',#4504,#3556,#3557);
#3027=AXIS2_PLACEMENT_3D('',#4506,#3558,#3559);
#3028=AXIS2_PLACEMENT_3D('',#4508,#3560,#3561);
#3029=AXIS2_PLACEMENT_3D('',#4512,#3563,#3564);
#3030=AXIS2_PLACEMENT_3D('',#4516,#3566,#3567);
#3031=AXIS2_PLACEMENT_3D('',#4517,#3568,#3569);
#3032=AXIS2_PLACEMENT_3D('',#4521,#3571,#3572);
#3033=AXIS2_PLACEMENT_3D('',#4525,#3574,#3575);
#3034=AXIS2_PLACEMENT_3D('',#4527,#3576,#3577);
#3035=AXIS2_PLACEMENT_3D('',#4529,#3578,#3579);
#3036=AXIS2_PLACEMENT_3D('',#4533,#3581,#3582);
#3037=AXIS2_PLACEMENT_3D('',#4535,#3583,#3584);
#3038=AXIS2_PLACEMENT_3D('',#4537,#3585,#3586);
#3039=AXIS2_PLACEMENT_3D('',#4541,#3588,#3589);
#3040=AXIS2_PLACEMENT_3D('',#4543,#3590,#3591);
#3041=AXIS2_PLACEMENT_3D('',#4545,#3592,#3593);
#3042=AXIS2_PLACEMENT_3D('',#4549,#3595,#3596);
#3043=AXIS2_PLACEMENT_3D('',#4550,#3597,#3598);
#3044=AXIS2_PLACEMENT_3D('',#4554,#3600,#3601);
#3045=AXIS2_PLACEMENT_3D('',#4556,#3602,#3603);
#3046=AXIS2_PLACEMENT_3D('',#4558,#3604,#3605);
#3047=AXIS2_PLACEMENT_3D('',#4562,#3607,#3608);
#3048=AXIS2_PLACEMENT_3D('',#4564,#3609,#3610);
#3049=AXIS2_PLACEMENT_3D('',#4566,#3611,#3612);
#3050=AXIS2_PLACEMENT_3D('',#4570,#3614,#3615);
#3051=AXIS2_PLACEMENT_3D('',#4571,#3616,#3617);
#3052=AXIS2_PLACEMENT_3D('',#4572,#3618,#3619);
#3053=AXIS2_PLACEMENT_3D('',#4576,#3621,#3622);
#3054=AXIS2_PLACEMENT_3D('',#4580,#3624,#3625);
#3055=AXIS2_PLACEMENT_3D('',#4582,#3626,#3627);
#3056=AXIS2_PLACEMENT_3D('',#4584,#3628,#3629);
#3057=AXIS2_PLACEMENT_3D('',#4588,#3631,#3632);
#3058=AXIS2_PLACEMENT_3D('',#4590,#3633,#3634);
#3059=AXIS2_PLACEMENT_3D('',#4592,#3635,#3636);
#3060=AXIS2_PLACEMENT_3D('',#4596,#3638,#3639);
#3061=AXIS2_PLACEMENT_3D('',#4598,#3640,#3641);
#3062=AXIS2_PLACEMENT_3D('',#4600,#3642,#3643);
#3063=AXIS2_PLACEMENT_3D('',#4604,#3645,#3646);
#3064=AXIS2_PLACEMENT_3D('',#4605,#3647,#3648);
#3065=AXIS2_PLACEMENT_3D('',#4609,#3650,#3651);
#3066=AXIS2_PLACEMENT_3D('',#4611,#3652,#3653);
#3067=AXIS2_PLACEMENT_3D('',#4613,#3654,#3655);
#3068=AXIS2_PLACEMENT_3D('',#4617,#3657,#3658);
#3069=AXIS2_PLACEMENT_3D('',#4619,#3659,#3660);
#3070=AXIS2_PLACEMENT_3D('',#4621,#3661,#3662);
#3071=AXIS2_PLACEMENT_3D('',#4625,#3664,#3665);
#3072=AXIS2_PLACEMENT_3D('',#4627,#3666,#3667);
#3073=AXIS2_PLACEMENT_3D('',#4629,#3668,#3669);
#3074=AXIS2_PLACEMENT_3D('',#4633,#3671,#3672);
#3075=AXIS2_PLACEMENT_3D('',#4637,#3674,#3675);
#3076=AXIS2_PLACEMENT_3D('',#4638,#3676,#3677);
#3077=AXIS2_PLACEMENT_3D('',#4642,#3679,#3680);
#3078=AXIS2_PLACEMENT_3D('',#4644,#3681,#3682);
#3079=AXIS2_PLACEMENT_3D('',#4646,#3683,#3684);
#3080=AXIS2_PLACEMENT_3D('',#4650,#3686,#3687);
#3081=AXIS2_PLACEMENT_3D('',#4652,#3688,#3689);
#3082=AXIS2_PLACEMENT_3D('',#4654,#3690,#3691);
#3083=AXIS2_PLACEMENT_3D('',#4658,#3693,#3694);
#3084=AXIS2_PLACEMENT_3D('',#4659,#3695,#3696);
#3085=AXIS2_PLACEMENT_3D('',#4663,#3698,#3699);
#3086=AXIS2_PLACEMENT_3D('',#4665,#3700,#3701);
#3087=AXIS2_PLACEMENT_3D('',#4667,#3702,#3703);
#3088=AXIS2_PLACEMENT_3D('',#4671,#3705,#3706);
#3089=AXIS2_PLACEMENT_3D('',#4673,#3707,#3708);
#3090=AXIS2_PLACEMENT_3D('',#4675,#3709,#3710);
#3091=AXIS2_PLACEMENT_3D('',#4679,#3712,#3713);
#3092=AXIS2_PLACEMENT_3D('',#4680,#3714,#3715);
#3093=AXIS2_PLACEMENT_3D('',#4682,#3716,#3717);
#3094=AXIS2_PLACEMENT_3D('',#4684,#3718,#3719);
#3095=AXIS2_PLACEMENT_3D('',#4686,#3720,#3721);
#3096=AXIS2_PLACEMENT_3D('',#4688,#3722,#3723);
#3097=AXIS2_PLACEMENT_3D('',#4690,#3724,#3725);
#3098=AXIS2_PLACEMENT_3D('',#4692,#3726,#3727);
#3099=AXIS2_PLACEMENT_3D('',#4694,#3728,#3729);
#3100=AXIS2_PLACEMENT_3D('',#4696,#3730,#3731);
#3101=AXIS2_PLACEMENT_3D('',#4698,#3732,#3733);
#3102=AXIS2_PLACEMENT_3D('',#4700,#3734,#3735);
#3103=AXIS2_PLACEMENT_3D('',#4702,#3736,#3737);
#3104=AXIS2_PLACEMENT_3D('',#4707,#3739,#3740);
#3105=AXIS2_PLACEMENT_3D('',#4711,#3742,#3743);
#3106=AXIS2_PLACEMENT_3D('',#4715,#3745,#3746);
#3107=AXIS2_PLACEMENT_3D('',#4719,#3748,#3749);
#3108=AXIS2_PLACEMENT_3D('',#4720,#3750,#3751);
#3109=AXIS2_PLACEMENT_3D('',#4724,#3753,#3754);
#3110=AXIS2_PLACEMENT_3D('',#4728,#3756,#3757);
#3111=AXIS2_PLACEMENT_3D('',#4730,#3758,#3759);
#3112=AXIS2_PLACEMENT_3D('',#4732,#3760,#3761);
#3113=AXIS2_PLACEMENT_3D('',#4736,#3763,#3764);
#3114=AXIS2_PLACEMENT_3D('',#4738,#3765,#3766);
#3115=AXIS2_PLACEMENT_3D('',#4740,#3767,#3768);
#3116=AXIS2_PLACEMENT_3D('',#4744,#3770,#3771);
#3117=AXIS2_PLACEMENT_3D('',#4746,#3772,#3773);
#3118=AXIS2_PLACEMENT_3D('',#4748,#3774,#3775);
#3119=AXIS2_PLACEMENT_3D('',#4752,#3777,#3778);
#3120=AXIS2_PLACEMENT_3D('',#4753,#3779,#3780);
#3121=AXIS2_PLACEMENT_3D('',#4757,#3782,#3783);
#3122=AXIS2_PLACEMENT_3D('',#4759,#3784,#3785);
#3123=AXIS2_PLACEMENT_3D('',#4761,#3786,#3787);
#3124=AXIS2_PLACEMENT_3D('',#4765,#3789,#3790);
#3125=AXIS2_PLACEMENT_3D('',#4767,#3791,#3792);
#3126=AXIS2_PLACEMENT_3D('',#4769,#3793,#3794);
#3127=AXIS2_PLACEMENT_3D('',#4773,#3796,#3797);
#3128=AXIS2_PLACEMENT_3D('',#4775,#3798,#3799);
#3129=AXIS2_PLACEMENT_3D('',#4777,#3800,#3801);
#3130=AXIS2_PLACEMENT_3D('',#4781,#3803,#3804);
#3131=AXIS2_PLACEMENT_3D('',#4785,#3806,#3807);
#3132=AXIS2_PLACEMENT_3D('',#4786,#3808,#3809);
#3133=AXIS2_PLACEMENT_3D('',#4789,#3812,#3813);
#3134=AXIS2_PLACEMENT_3D('',#4791,#3815,#3816);
#3135=AXIS2_PLACEMENT_3D('',#4793,#3818,#3819);
#3136=AXIS2_PLACEMENT_3D('',#4795,#3821,#3822);
#3137=AXIS2_PLACEMENT_3D('',#4797,#3824,#3825);
#3138=AXIS2_PLACEMENT_3D('',#4799,#3827,#3828);
#3139=AXIS2_PLACEMENT_3D('',#4801,#3830,#3831);
#3140=AXIS2_PLACEMENT_3D('',#4802,#3832,#3833);
#3141=AXIS2_PLACEMENT_3D('',#4803,#3834,#3835);
#3142=AXIS2_PLACEMENT_3D('',#4805,#3836,#3837);
#3143=AXIS2_PLACEMENT_3D('',#4806,#3838,#3839);
#3144=AXIS2_PLACEMENT_3D('',#4807,#3840,#3841);
#3145=AXIS2_PLACEMENT_3D('',#4809,#3842,#3843);
#3146=AXIS2_PLACEMENT_3D('',#4810,#3844,#3845);
#3147=AXIS2_PLACEMENT_3D('',#4811,#3846,#3847);
#3148=AXIS2_PLACEMENT_3D('',#4813,#3848,#3849);
#3149=AXIS2_PLACEMENT_3D('',#4814,#3850,#3851);
#3150=AXIS2_PLACEMENT_3D('',#4815,#3852,#3853);
#3151=AXIS2_PLACEMENT_3D('',#4817,#3854,#3855);
#3152=AXIS2_PLACEMENT_3D('',#4818,#3856,#3857);
#3153=AXIS2_PLACEMENT_3D('',#4819,#3858,#3859);
#3154=AXIS2_PLACEMENT_3D('',#4821,#3860,#3861);
#3155=AXIS2_PLACEMENT_3D('',#4822,#3862,#3863);
#3156=AXIS2_PLACEMENT_3D('',#4823,#3864,#3865);
#3157=AXIS2_PLACEMENT_3D('',#4825,#3866,#3867);
#3158=AXIS2_PLACEMENT_3D('',#4826,#3868,#3869);
#3159=AXIS2_PLACEMENT_3D('',#4827,#3870,#3871);
#3160=AXIS2_PLACEMENT_3D('',#4829,#3872,#3873);
#3161=AXIS2_PLACEMENT_3D('',#4830,#3874,#3875);
#3162=AXIS2_PLACEMENT_3D('',#4831,#3876,#3877);
#3163=AXIS2_PLACEMENT_3D('',#4833,#3878,#3879);
#3164=AXIS2_PLACEMENT_3D('',#4834,#3880,#3881);
#3165=AXIS2_PLACEMENT_3D('',#4835,#3882,#3883);
#3166=AXIS2_PLACEMENT_3D('',#4837,#3884,#3885);
#3167=AXIS2_PLACEMENT_3D('',#4838,#3886,#3887);
#3168=AXIS2_PLACEMENT_3D('',#4839,#3888,#3889);
#3169=AXIS2_PLACEMENT_3D('',#4841,#3890,#3891);
#3170=AXIS2_PLACEMENT_3D('',#4842,#3892,#3893);
#3171=AXIS2_PLACEMENT_3D('',#4843,#3894,#3895);
#3172=AXIS2_PLACEMENT_3D('',#4845,#3896,#3897);
#3173=AXIS2_PLACEMENT_3D('',#4846,#3898,#3899);
#3174=AXIS2_PLACEMENT_3D('',#4847,#3900,#3901);
#3175=AXIS2_PLACEMENT_3D('',#4849,#3902,#3903);
#3176=AXIS2_PLACEMENT_3D('',#4850,#3904,#3905);
#3177=AXIS2_PLACEMENT_3D('',#4853,#3908,#3909);
#3178=AXIS2_PLACEMENT_3D('',#4856,#3912,#3913);
#3179=AXIS2_PLACEMENT_3D('',#4859,#3916,#3917);
#3180=AXIS2_PLACEMENT_3D('',#4862,#3920,#3921);
#3181=AXIS2_PLACEMENT_3D('',#4865,#3924,#3925);
#3182=AXIS2_PLACEMENT_3D('',#4866,#3926,#3927);
#3183=AXIS2_PLACEMENT_3D('',#4867,#3928,#3929);
#3184=AXIS2_PLACEMENT_3D('',#4868,#3930,#3931);
#3185=AXIS2_PLACEMENT_3D('',#4869,#3932,#3933);
#3186=AXIS2_PLACEMENT_3D('',#4870,#3934,#3935);
#3187=AXIS2_PLACEMENT_3D('',#4871,#3936,#3937);
#3188=AXIS2_PLACEMENT_3D('',#4874,#3940,#3941);
#3189=AXIS2_PLACEMENT_3D('',#4877,#3944,#3945);
#3190=AXIS2_PLACEMENT_3D('',#4880,#3948,#3949);
#3191=AXIS2_PLACEMENT_3D('',#4883,#3952,#3953);
#3192=AXIS2_PLACEMENT_3D('',#4886,#3956,#3957);
#3193=AXIS2_PLACEMENT_3D('',#4887,#3958,#3959);
#3194=AXIS2_PLACEMENT_3D('',#4888,#3960,#3961);
#3195=AXIS2_PLACEMENT_3D('',#4889,#3962,#3963);
#3196=AXIS2_PLACEMENT_3D('',#4890,#3964,#3965);
#3197=AXIS2_PLACEMENT_3D('',#4891,#3966,#3967);
#3198=AXIS2_PLACEMENT_3D('',#4892,#3968,#3969);
#3199=AXIS2_PLACEMENT_3D('',#4895,#3972,#3973);
#3200=AXIS2_PLACEMENT_3D('',#4898,#3976,#3977);
#3201=AXIS2_PLACEMENT_3D('',#4901,#3980,#3981);
#3202=AXIS2_PLACEMENT_3D('',#4904,#3984,#3985);
#3203=AXIS2_PLACEMENT_3D('',#4907,#3988,#3989);
#3204=AXIS2_PLACEMENT_3D('',#4910,#3992,#3993);
#3205=AXIS2_PLACEMENT_3D('',#4913,#3996,#3997);
#3206=AXIS2_PLACEMENT_3D('',#4916,#4000,#4001);
#3207=AXIS2_PLACEMENT_3D('',#4917,#4002,#4003);
#3208=AXIS2_PLACEMENT_3D('',#4918,#4004,#4005);
#3209=AXIS2_PLACEMENT_3D('',#4919,#4006,#4007);
#3210=AXIS2_PLACEMENT_3D('',#4920,#4008,#4009);
#3211=AXIS2_PLACEMENT_3D('',#4921,#4010,#4011);
#3212=AXIS2_PLACEMENT_3D('',#4922,#4012,#4013);
#3213=AXIS2_PLACEMENT_3D('',#4923,#4014,#4015);
#3214=AXIS2_PLACEMENT_3D('',#4924,#4016,#4017);
#3215=AXIS2_PLACEMENT_3D('',#4925,#4018,#4019);
#3216=AXIS2_PLACEMENT_3D('',#4928,#4022,#4023);
#3217=AXIS2_PLACEMENT_3D('',#4931,#4026,#4027);
#3218=AXIS2_PLACEMENT_3D('',#4934,#4030,#4031);
#3219=AXIS2_PLACEMENT_3D('',#4937,#4034,#4035);
#3220=AXIS2_PLACEMENT_3D('',#4940,#4038,#4039);
#3221=AXIS2_PLACEMENT_3D('',#4943,#4042,#4043);
#3222=AXIS2_PLACEMENT_3D('',#4946,#4046,#4047);
#3223=AXIS2_PLACEMENT_3D('',#4949,#4050,#4051);
#3224=AXIS2_PLACEMENT_3D('',#4950,#4052,#4053);
#3225=AXIS2_PLACEMENT_3D('',#4951,#4054,#4055);
#3226=AXIS2_PLACEMENT_3D('',#4952,#4056,#4057);
#3227=AXIS2_PLACEMENT_3D('',#4953,#4058,#4059);
#3228=AXIS2_PLACEMENT_3D('',#4954,#4060,#4061);
#3229=AXIS2_PLACEMENT_3D('',#4955,#4062,#4063);
#3230=AXIS2_PLACEMENT_3D('',#4956,#4064,#4065);
#3231=AXIS2_PLACEMENT_3D('',#4957,#4066,#4067);
#3232=AXIS2_PLACEMENT_3D('',#4958,#4068,#4069);
#3233=AXIS2_PLACEMENT_3D('',#4961,#4072,#4073);
#3234=AXIS2_PLACEMENT_3D('',#4964,#4076,#4077);
#3235=AXIS2_PLACEMENT_3D('',#4967,#4080,#4081);
#3236=AXIS2_PLACEMENT_3D('',#4970,#4084,#4085);
#3237=AXIS2_PLACEMENT_3D('',#4973,#4088,#4089);
#3238=AXIS2_PLACEMENT_3D('',#4976,#4092,#4093);
#3239=AXIS2_PLACEMENT_3D('',#4979,#4096,#4097);
#3240=AXIS2_PLACEMENT_3D('',#4982,#4100,#4101);
#3241=AXIS2_PLACEMENT_3D('',#4983,#4102,#4103);
#3242=AXIS2_PLACEMENT_3D('',#4984,#4104,#4105);
#3243=AXIS2_PLACEMENT_3D('',#4985,#4106,#4107);
#3244=AXIS2_PLACEMENT_3D('',#4986,#4108,#4109);
#3245=AXIS2_PLACEMENT_3D('',#4987,#4110,#4111);
#3246=AXIS2_PLACEMENT_3D('',#4988,#4112,#4113);
#3247=AXIS2_PLACEMENT_3D('',#4989,#4114,#4115);
#3248=AXIS2_PLACEMENT_3D('',#4990,#4116,#4117);
#3249=AXIS2_PLACEMENT_3D('',#4991,#4118,#4119);
#3250=AXIS2_PLACEMENT_3D('',#4994,#4122,#4123);
#3251=AXIS2_PLACEMENT_3D('',#4997,#4126,#4127);
#3252=AXIS2_PLACEMENT_3D('',#5000,#4130,#4131);
#3253=AXIS2_PLACEMENT_3D('',#5003,#4134,#4135);
#3254=AXIS2_PLACEMENT_3D('',#5006,#4138,#4139);
#3255=AXIS2_PLACEMENT_3D('',#5009,#4142,#4143);
#3256=AXIS2_PLACEMENT_3D('',#5012,#4146,#4147);
#3257=AXIS2_PLACEMENT_3D('',#5015,#4150,#4151);
#3258=AXIS2_PLACEMENT_3D('',#5016,#4152,#4153);
#3259=AXIS2_PLACEMENT_3D('',#5017,#4154,#4155);
#3260=AXIS2_PLACEMENT_3D('',#5018,#4156,#4157);
#3261=AXIS2_PLACEMENT_3D('',#5019,#4158,#4159);
#3262=AXIS2_PLACEMENT_3D('',#5020,#4160,#4161);
#3263=AXIS2_PLACEMENT_3D('',#5021,#4162,#4163);
#3264=AXIS2_PLACEMENT_3D('',#5022,#4164,#4165);
#3265=AXIS2_PLACEMENT_3D('',#5023,#4166,#4167);
#3266=AXIS2_PLACEMENT_3D('',#5024,#4168,#4169);
#3267=AXIS2_PLACEMENT_3D('',#5025,#4170,#4171);
#3268=AXIS2_PLACEMENT_3D('',#5026,#4172,#4173);
#3269=AXIS2_PLACEMENT_3D('',#5027,#4174,#4175);
#3270=DIRECTION('',(0.,0.,1.));
#3271=DIRECTION('',(1.,0.,0.));
#3272=DIRECTION('',(0.,0.,-1.));
#3273=DIRECTION('',(-1.,0.,0.));
#3274=DIRECTION('',(0.,0.,-1.));
#3275=DIRECTION('',(0.,0.,1.));
#3276=DIRECTION('',(1.,0.,0.));
#3277=DIRECTION('',(0.,0.,-1.));
#3278=DIRECTION('',(0.,0.,1.));
#3279=DIRECTION('',(1.,0.,0.));
#3280=DIRECTION('',(0.,0.,-1.));
#3281=DIRECTION('',(-1.,0.,0.));
#3282=DIRECTION('',(0.,0.,-1.));
#3283=DIRECTION('',(0.,0.,1.));
#3284=DIRECTION('',(1.,0.,0.));
#3285=DIRECTION('',(0.,0.,-1.));
#3286=DIRECTION('',(0.,0.,1.));
#3287=DIRECTION('',(1.,0.,0.));
#3288=DIRECTION('',(0.,0.,-1.));
#3289=DIRECTION('',(-1.,0.,0.));
#3290=DIRECTION('',(0.,0.,-1.));
#3291=DIRECTION('',(0.,0.,1.));
#3292=DIRECTION('',(1.,0.,0.));
#3293=DIRECTION('',(0.,0.,-1.));
#3294=DIRECTION('',(0.,0.,1.));
#3295=DIRECTION('',(1.,0.,0.));
#3296=DIRECTION('',(0.,0.,-1.));
#3297=DIRECTION('',(-1.,0.,0.));
#3298=DIRECTION('',(0.,0.,-1.));
#3299=DIRECTION('',(0.,0.,1.));
#3300=DIRECTION('',(1.,0.,0.));
#3301=DIRECTION('',(0.,0.,-1.));
#3302=DIRECTION('',(0.,0.,1.));
#3303=DIRECTION('',(1.,0.,0.));
#3304=DIRECTION('',(0.,0.,-1.));
#3305=DIRECTION('',(-1.,0.,0.));
#3306=DIRECTION('',(0.,0.,-1.));
#3307=DIRECTION('',(0.,0.,1.));
#3308=DIRECTION('',(1.,0.,0.));
#3309=DIRECTION('',(0.,0.,-1.));
#3310=DIRECTION('',(0.,0.,1.));
#3311=DIRECTION('',(1.,0.,0.));
#3312=DIRECTION('',(0.,0.,-1.));
#3313=DIRECTION('',(-1.,0.,0.));
#3314=DIRECTION('',(0.,0.,-1.));
#3315=DIRECTION('',(0.,0.,1.));
#3316=DIRECTION('',(1.,0.,0.));
#3317=DIRECTION('',(0.,0.,-1.));
#3318=DIRECTION('',(0.,0.,1.));
#3319=DIRECTION('',(1.,0.,0.));
#3320=DIRECTION('',(-0.86602540378444,0.5,0.));
#3321=DIRECTION('',(-0.5,-0.86602540378444,0.));
#3322=DIRECTION('',(-0.50000000000002,-0.866025403784427,0.));
#3323=DIRECTION('',(0.5,0.86602540378444,0.));
#3324=DIRECTION('',(-1.98254111540206E-15,1.,0.));
#3325=DIRECTION('',(-1.,-1.98254111540206E-15,0.));
#3326=DIRECTION('',(-1.,2.35341740571296E-14,0.));
#3327=DIRECTION('',(1.,1.98254111540206E-15,0.));
#3328=DIRECTION('',(0.866025403784437,0.5,0.));
#3329=DIRECTION('',(-0.5,0.866025403784437,0.));
#3330=DIRECTION('',(-0.49999999999998,0.86602540378445,0.));
#3331=DIRECTION('',(0.5,-0.866025403784437,0.));
#3332=DIRECTION('',(0.866025403784439,-0.5,0.));
#3333=DIRECTION('',(0.5,0.86602540378444,0.));
#3334=DIRECTION('',(0.500000000000021,0.866025403784427,0.));
#3335=DIRECTION('',(-0.5,-0.86602540378444,0.));
#3336=DIRECTION('',(1.98254111540206E-15,-1.,0.));
#3337=DIRECTION('',(1.,1.98254111540206E-15,0.));
#3338=DIRECTION('',(1.,-2.35341740571296E-14,0.));
#3339=DIRECTION('',(-1.,-1.98254111540206E-15,0.));
#3340=DIRECTION('',(-0.866025403784437,-0.5,0.));
#3341=DIRECTION('',(0.5,-0.866025403784437,0.));
#3342=DIRECTION('',(0.49999999999998,-0.866025403784451,0.));
#3343=DIRECTION('',(-0.5,0.866025403784437,0.));
#3344=DIRECTION('',(-0.866025403784442,-0.5,0.));
#3345=DIRECTION('',(0.5,-0.866025403784442,0.));
#3346=DIRECTION('',(-0.5,0.866025403784442,0.));
#3347=DIRECTION('',(0.,0.,-1.));
#3348=DIRECTION('',(-0.5,0.866025403784438,0.));
#3349=DIRECTION('',(0.,0.,-1.));
#3350=DIRECTION('',(-0.5,0.866025403784442,0.));
#3351=DIRECTION('',(0.,0.,-1.));
#3352=DIRECTION('',(-0.5,0.866025403784442,0.));
#3353=DIRECTION('',(0.,0.,-1.));
#3354=DIRECTION('',(-5.19124756058891E-15,-1.,0.));
#3355=DIRECTION('',(1.,-5.19124756058891E-15,0.));
#3356=DIRECTION('',(-1.,5.19124756058891E-15,0.));
#3357=DIRECTION('',(0.,0.,-1.));
#3358=DIRECTION('',(-1.,-1.98254111540206E-15,0.));
#3359=DIRECTION('',(0.,0.,1.));
#3360=DIRECTION('',(-1.,5.19124756058891E-15,0.));
#3361=DIRECTION('',(0.,0.,-1.));
#3362=DIRECTION('',(-1.,5.19124756058891E-15,0.));
#3363=DIRECTION('',(0.866025403784436,-0.500000000000006,0.));
#3364=DIRECTION('',(0.500000000000006,0.866025403784436,0.));
#3365=DIRECTION('',(-0.500000000000006,-0.866025403784436,0.));
#3366=DIRECTION('',(0.,0.,1.));
#3367=DIRECTION('',(-0.5,-0.86602540378444,0.));
#3368=DIRECTION('',(0.,0.,1.));
#3369=DIRECTION('',(-0.500000000000006,-0.866025403784436,0.));
#3370=DIRECTION('',(0.,0.,-1.));
#3371=DIRECTION('',(-0.500000000000006,-0.866025403784436,0.));
#3372=DIRECTION('',(0.866025403784442,0.5,0.));
#3373=DIRECTION('',(-0.5,0.866025403784442,0.));
#3374=DIRECTION('',(0.5,-0.866025403784442,0.));
#3375=DIRECTION('',(0.,0.,-1.));
#3376=DIRECTION('',(0.5,-0.866025403784438,0.));
#3377=DIRECTION('',(0.,0.,-1.));
#3378=DIRECTION('',(0.5,-0.866025403784442,0.));
#3379=DIRECTION('',(0.,0.,-1.));
#3380=DIRECTION('',(0.5,-0.866025403784442,0.));
#3381=DIRECTION('',(6.48905945073493E-15,1.,0.));
#3382=DIRECTION('',(-1.,6.48905945073493E-15,0.));
#3383=DIRECTION('',(1.,-6.48905945073493E-15,0.));
#3384=DIRECTION('',(0.,0.,1.));
#3385=DIRECTION('',(1.,1.98254111540206E-15,0.));
#3386=DIRECTION('',(0.,0.,1.));
#3387=DIRECTION('',(1.,-6.48905945073493E-15,0.));
#3388=DIRECTION('',(0.,0.,-1.));
#3389=DIRECTION('',(1.,-6.48905945073493E-15,0.));
#3390=DIRECTION('',(-0.866025403784435,0.500000000000006,0.));
#3391=DIRECTION('',(-0.500000000000006,-0.866025403784435,0.));
#3392=DIRECTION('',(0.500000000000006,0.866025403784435,0.));
#3393=DIRECTION('',(0.,0.,-1.));
#3394=DIRECTION('',(0.5,0.86602540378444,0.));
#3395=DIRECTION('',(0.,0.,-1.));
#3396=DIRECTION('',(0.500000000000006,0.866025403784435,0.));
#3397=DIRECTION('',(0.500000000000006,0.866025403784435,0.));
#3398=DIRECTION('',(0.,0.,1.));
#3399=DIRECTION('',(1.,0.,0.));
#3400=DIRECTION('',(0.,0.,1.));
#3401=DIRECTION('',(1.,0.,0.));
#3402=DIRECTION('',(0.,0.,1.));
#3403=DIRECTION('',(1.,0.,0.));
#3404=DIRECTION('',(0.,0.,1.));
#3405=DIRECTION('',(1.,0.,0.));
#3406=DIRECTION('',(0.,0.,1.));
#3407=DIRECTION('',(1.,0.,0.));
#3408=DIRECTION('',(0.,0.,1.));
#3409=DIRECTION('',(1.,0.,0.));
#3410=DIRECTION('',(0.,0.,1.));
#3411=DIRECTION('',(1.,0.,0.));
#3412=DIRECTION('',(0.,0.,1.));
#3413=DIRECTION('',(1.,0.,0.));
#3414=DIRECTION('',(0.,0.,1.));
#3415=DIRECTION('',(1.,0.,0.));
#3416=DIRECTION('',(0.,0.,1.));
#3417=DIRECTION('',(1.,0.,0.));
#3418=DIRECTION('',(0.,0.,1.));
#3419=DIRECTION('',(1.,0.,0.));
#3420=DIRECTION('',(0.,0.,-1.));
#3421=DIRECTION('',(-1.,0.,0.));
#3422=DIRECTION('',(0.,0.,-1.));
#3423=DIRECTION('',(-1.,0.,0.));
#3424=DIRECTION('',(0.,0.,1.));
#3425=DIRECTION('',(1.,0.,0.));
#3426=DIRECTION('',(-1.,0.,0.));
#3427=DIRECTION('',(0.,0.,1.));
#3428=DIRECTION('',(1.,0.,0.));
#3429=DIRECTION('',(0.,-1.,0.));
#3430=DIRECTION('',(0.,0.,1.));
#3431=DIRECTION('',(1.,0.,0.));
#3432=DIRECTION('',(-1.,0.,0.));
#3433=DIRECTION('',(0.,0.,1.));
#3434=DIRECTION('',(1.,0.,0.));
#3435=DIRECTION('',(0.,-1.,0.));
#3436=DIRECTION('',(0.,0.,1.));
#3437=DIRECTION('',(1.,0.,0.));
#3438=DIRECTION('',(0.,0.,-1.));
#3439=DIRECTION('',(-1.,0.,0.));
#3440=DIRECTION('',(0.,0.,-1.));
#3441=DIRECTION('',(-1.,0.,0.));
#3442=DIRECTION('',(0.,0.,-1.));
#3443=DIRECTION('',(-1.,0.,0.));
#3444=DIRECTION('',(0.,0.,-1.));
#3445=DIRECTION('',(-1.,0.,0.));
#3446=DIRECTION('',(0.,0.,-1.));
#3447=DIRECTION('',(-1.,0.,0.));
#3448=DIRECTION('',(0.,0.,-1.));
#3449=DIRECTION('',(-1.,0.,0.));
#3450=DIRECTION('',(0.,0.,-1.));
#3451=DIRECTION('',(-1.,0.,0.));
#3452=DIRECTION('',(0.,0.,-1.));
#3453=DIRECTION('',(-1.,0.,0.));
#3454=DIRECTION('',(0.,0.,-1.));
#3455=DIRECTION('',(-1.,0.,0.));
#3456=DIRECTION('',(0.,0.,-1.));
#3457=DIRECTION('',(-1.,0.,0.));
#3458=DIRECTION('',(0.,0.,-1.));
#3459=DIRECTION('',(-1.,0.,0.));
#3460=DIRECTION('',(0.,0.,-1.));
#3461=DIRECTION('',(-1.,0.,0.));
#3462=DIRECTION('',(0.,0.,1.));
#3463=DIRECTION('',(1.,0.,0.));
#3464=DIRECTION('',(0.5,0.866025403784439,0.));
#3465=DIRECTION('',(0.,0.,1.));
#3466=DIRECTION('',(1.,0.,0.));
#3467=DIRECTION('',(0.,0.,1.));
#3468=DIRECTION('',(1.,0.,0.));
#3469=DIRECTION('',(0.,0.,1.));
#3470=DIRECTION('',(1.,0.,0.));
#3471=DIRECTION('',(1.,2.37904933848248E-15,0.));
#3472=DIRECTION('',(0.,0.,1.));
#3473=DIRECTION('',(1.,0.,0.));
#3474=DIRECTION('',(0.,0.,1.));
#3475=DIRECTION('',(1.,0.,0.));
#3476=DIRECTION('',(0.,0.,1.));
#3477=DIRECTION('',(1.,0.,0.));
#3478=DIRECTION('',(0.,-1.,0.));
#3479=DIRECTION('',(0.,0.,1.));
#3480=DIRECTION('',(1.,0.,0.));
#3481=DIRECTION('',(0.,0.,1.));
#3482=DIRECTION('',(1.,0.,0.));
#3483=DIRECTION('',(0.,0.,1.));
#3484=DIRECTION('',(1.,0.,0.));
#3485=DIRECTION('',(0.,-1.,0.));
#3486=DIRECTION('',(0.,0.,1.));
#3487=DIRECTION('',(1.,0.,0.));
#3488=DIRECTION('',(-1.,-2.27992228271238E-15,0.));
#3489=DIRECTION('',(0.,0.,1.));
#3490=DIRECTION('',(1.,0.,0.));
#3491=DIRECTION('',(0.,0.,1.));
#3492=DIRECTION('',(1.,0.,0.));
#3493=DIRECTION('',(1.,2.27992228271238E-15,0.));
#3494=DIRECTION('',(0.,0.,1.));
#3495=DIRECTION('',(1.,0.,0.));
#3496=DIRECTION('',(0.,-1.,0.));
#3497=DIRECTION('',(0.,0.,1.));
#3498=DIRECTION('',(1.,0.,0.));
#3499=DIRECTION('',(0.,0.,1.));
#3500=DIRECTION('',(1.,0.,0.));
#3501=DIRECTION('',(0.,0.,1.));
#3502=DIRECTION('',(1.,0.,0.));
#3503=DIRECTION('',(0.,-1.,0.));
#3504=DIRECTION('',(0.,0.,1.));
#3505=DIRECTION('',(1.,0.,0.));
#3506=DIRECTION('',(0.,0.,1.));
#3507=DIRECTION('',(1.,0.,0.));
#3508=DIRECTION('',(0.,0.,1.));
#3509=DIRECTION('',(1.,0.,0.));
#3510=DIRECTION('',(-1.,-2.37904933848248E-15,0.));
#3511=DIRECTION('',(0.,0.,1.));
#3512=DIRECTION('',(1.,0.,0.));
#3513=DIRECTION('',(0.,0.,1.));
#3514=DIRECTION('',(1.,0.,0.));
#3515=DIRECTION('',(0.,0.,1.));
#3516=DIRECTION('',(1.,0.,0.));
#3517=DIRECTION('',(-0.5,0.866025403784438,0.));
#3518=DIRECTION('',(0.,0.,1.));
#3519=DIRECTION('',(1.,0.,0.));
#3520=DIRECTION('',(0.,0.,1.));
#3521=DIRECTION('',(1.,0.,0.));
#3522=DIRECTION('',(0.5,-0.866025403784438,0.));
#3523=DIRECTION('',(0.,0.,1.));
#3524=DIRECTION('',(1.,0.,0.));
#3525=DIRECTION('',(0.,0.,1.));
#3526=DIRECTION('',(1.,0.,0.));
#3527=DIRECTION('',(0.,0.,1.));
#3528=DIRECTION('',(1.,0.,0.));
#3529=DIRECTION('',(-1.,0.,0.));
#3530=DIRECTION('',(0.,0.,1.));
#3531=DIRECTION('',(1.,0.,0.));
#3532=DIRECTION('',(0.,0.,1.));
#3533=DIRECTION('',(1.,0.,0.));
#3534=DIRECTION('',(0.,0.,1.));
#3535=DIRECTION('',(1.,0.,0.));
#3536=DIRECTION('',(0.5,0.86602540378444,0.));
#3537=DIRECTION('',(0.,0.,1.));
#3538=DIRECTION('',(1.,0.,0.));
#3539=DIRECTION('',(0.,0.,1.));
#3540=DIRECTION('',(1.,0.,0.));
#3541=DIRECTION('',(-0.5,-0.86602540378444,0.));
#3542=DIRECTION('',(0.,0.,1.));
#3543=DIRECTION('',(1.,0.,0.));
#3544=DIRECTION('',(0.,0.,1.));
#3545=DIRECTION('',(1.,0.,0.));
#3546=DIRECTION('',(0.,0.,1.));
#3547=DIRECTION('',(1.,0.,0.));
#3548=DIRECTION('',(-1.,-1.98254111540206E-15,0.));
#3549=DIRECTION('',(0.,0.,1.));
#3550=DIRECTION('',(1.,0.,0.));
#3551=DIRECTION('',(0.,0.,1.));
#3552=DIRECTION('',(1.,0.,0.));
#3553=DIRECTION('',(0.,0.,1.));
#3554=DIRECTION('',(1.,0.,0.));
#3555=DIRECTION('',(0.,-1.,0.));
#3556=DIRECTION('',(0.,0.,1.));
#3557=DIRECTION('',(1.,0.,0.));
#3558=DIRECTION('',(0.,0.,1.));
#3559=DIRECTION('',(1.,0.,0.));
#3560=DIRECTION('',(0.,0.,1.));
#3561=DIRECTION('',(1.,0.,0.));
#3562=DIRECTION('',(0.,-1.,0.));
#3563=DIRECTION('',(0.,0.,1.));
#3564=DIRECTION('',(1.,0.,0.));
#3565=DIRECTION('',(1.,1.98254111540206E-15,0.));
#3566=DIRECTION('',(0.,0.,1.));
#3567=DIRECTION('',(1.,0.,0.));
#3568=DIRECTION('',(0.,0.,1.));
#3569=DIRECTION('',(1.,0.,0.));
#3570=DIRECTION('',(-1.,-1.98254111540206E-15,0.));
#3571=DIRECTION('',(0.,0.,1.));
#3572=DIRECTION('',(1.,0.,0.));
#3573=DIRECTION('',(0.,-1.,0.));
#3574=DIRECTION('',(0.,0.,1.));
#3575=DIRECTION('',(1.,0.,0.));
#3576=DIRECTION('',(0.,0.,1.));
#3577=DIRECTION('',(1.,0.,0.));
#3578=DIRECTION('',(0.,0.,1.));
#3579=DIRECTION('',(1.,0.,0.));
#3580=DIRECTION('',(0.,-1.,0.));
#3581=DIRECTION('',(0.,0.,1.));
#3582=DIRECTION('',(1.,0.,0.));
#3583=DIRECTION('',(0.,0.,1.));
#3584=DIRECTION('',(1.,0.,0.));
#3585=DIRECTION('',(0.,0.,1.));
#3586=DIRECTION('',(1.,0.,0.));
#3587=DIRECTION('',(1.,1.98254111540206E-15,0.));
#3588=DIRECTION('',(0.,0.,1.));
#3589=DIRECTION('',(1.,0.,0.));
#3590=DIRECTION('',(0.,0.,1.));
#3591=DIRECTION('',(1.,0.,0.));
#3592=DIRECTION('',(0.,0.,1.));
#3593=DIRECTION('',(1.,0.,0.));
#3594=DIRECTION('',(0.5,-0.866025403784438,0.));
#3595=DIRECTION('',(0.,0.,1.));
#3596=DIRECTION('',(1.,0.,0.));
#3597=DIRECTION('',(0.,0.,1.));
#3598=DIRECTION('',(1.,0.,0.));
#3599=DIRECTION('',(-0.5,0.866025403784438,0.));
#3600=DIRECTION('',(0.,0.,1.));
#3601=DIRECTION('',(1.,0.,0.));
#3602=DIRECTION('',(0.,0.,1.));
#3603=DIRECTION('',(1.,0.,0.));
#3604=DIRECTION('',(0.,0.,1.));
#3605=DIRECTION('',(1.,0.,0.));
#3606=DIRECTION('',(-1.,0.,0.));
#3607=DIRECTION('',(0.,0.,1.));
#3608=DIRECTION('',(1.,0.,0.));
#3609=DIRECTION('',(0.,0.,1.));
#3610=DIRECTION('',(1.,0.,0.));
#3611=DIRECTION('',(0.,0.,1.));
#3612=DIRECTION('',(1.,0.,0.));
#3613=DIRECTION('',(-0.5,-0.866025403784439,0.));
#3614=DIRECTION('',(0.,0.,1.));
#3615=DIRECTION('',(1.,0.,0.));
#3616=DIRECTION('',(0.,0.,1.));
#3617=DIRECTION('',(1.,0.,0.));
#3618=DIRECTION('',(0.,0.,1.));
#3619=DIRECTION('',(1.,0.,0.));
#3620=DIRECTION('',(-1.,-2.27992228271238E-15,0.));
#3621=DIRECTION('',(0.,0.,1.));
#3622=DIRECTION('',(1.,0.,0.));
#3623=DIRECTION('',(0.,-1.,0.));
#3624=DIRECTION('',(0.,0.,1.));
#3625=DIRECTION('',(1.,0.,0.));
#3626=DIRECTION('',(0.,0.,1.));
#3627=DIRECTION('',(1.,0.,0.));
#3628=DIRECTION('',(0.,0.,1.));
#3629=DIRECTION('',(1.,0.,0.));
#3630=DIRECTION('',(0.,-1.,0.));
#3631=DIRECTION('',(0.,0.,1.));
#3632=DIRECTION('',(1.,0.,0.));
#3633=DIRECTION('',(0.,0.,1.));
#3634=DIRECTION('',(1.,0.,0.));
#3635=DIRECTION('',(0.,0.,1.));
#3636=DIRECTION('',(1.,0.,0.));
#3637=DIRECTION('',(1.,2.37904933848248E-15,0.));
#3638=DIRECTION('',(0.,0.,1.));
#3639=DIRECTION('',(1.,0.,0.));
#3640=DIRECTION('',(0.,0.,1.));
#3641=DIRECTION('',(1.,0.,0.));
#3642=DIRECTION('',(0.,0.,1.));
#3643=DIRECTION('',(1.,0.,0.));
#3644=DIRECTION('',(0.5,0.866025403784439,0.));
#3645=DIRECTION('',(0.,0.,1.));
#3646=DIRECTION('',(1.,0.,0.));
#3647=DIRECTION('',(0.,0.,1.));
#3648=DIRECTION('',(1.,0.,0.));
#3649=DIRECTION('',(-0.5,0.866025403784438,0.));
#3650=DIRECTION('',(0.,0.,1.));
#3651=DIRECTION('',(1.,0.,0.));
#3652=DIRECTION('',(0.,0.,1.));
#3653=DIRECTION('',(1.,0.,0.));
#3654=DIRECTION('',(0.,0.,1.));
#3655=DIRECTION('',(1.,0.,0.));
#3656=DIRECTION('',(-1.,-2.37904933848248E-15,0.));
#3657=DIRECTION('',(0.,0.,1.));
#3658=DIRECTION('',(1.,0.,0.));
#3659=DIRECTION('',(0.,0.,1.));
#3660=DIRECTION('',(1.,0.,0.));
#3661=DIRECTION('',(0.,0.,1.));
#3662=DIRECTION('',(1.,0.,0.));
#3663=DIRECTION('',(0.,-1.,0.));
#3664=DIRECTION('',(0.,0.,1.));
#3665=DIRECTION('',(1.,0.,0.));
#3666=DIRECTION('',(0.,0.,1.));
#3667=DIRECTION('',(1.,0.,0.));
#3668=DIRECTION('',(0.,0.,1.));
#3669=DIRECTION('',(1.,0.,0.));
#3670=DIRECTION('',(0.,-1.,0.));
#3671=DIRECTION('',(0.,0.,1.));
#3672=DIRECTION('',(1.,0.,0.));
#3673=DIRECTION('',(1.,2.27992228271238E-15,0.));
#3674=DIRECTION('',(0.,0.,1.));
#3675=DIRECTION('',(1.,0.,0.));
#3676=DIRECTION('',(0.,0.,1.));
#3677=DIRECTION('',(1.,0.,0.));
#3678=DIRECTION('',(-0.5,-0.866025403784439,0.));
#3679=DIRECTION('',(0.,0.,1.));
#3680=DIRECTION('',(1.,0.,0.));
#3681=DIRECTION('',(0.,0.,1.));
#3682=DIRECTION('',(1.,0.,0.));
#3683=DIRECTION('',(0.,0.,1.));
#3684=DIRECTION('',(1.,0.,0.));
#3685=DIRECTION('',(-1.,0.,0.));
#3686=DIRECTION('',(0.,0.,1.));
#3687=DIRECTION('',(1.,0.,0.));
#3688=DIRECTION('',(0.,0.,1.));
#3689=DIRECTION('',(1.,0.,0.));
#3690=DIRECTION('',(0.,0.,1.));
#3691=DIRECTION('',(1.,0.,0.));
#3692=DIRECTION('',(-0.5,0.866025403784438,0.));
#3693=DIRECTION('',(0.,0.,1.));
#3694=DIRECTION('',(1.,0.,0.));
#3695=DIRECTION('',(0.,0.,1.));
#3696=DIRECTION('',(1.,0.,0.));
#3697=DIRECTION('',(0.5,0.86602540378444,0.));
#3698=DIRECTION('',(0.,0.,1.));
#3699=DIRECTION('',(1.,0.,0.));
#3700=DIRECTION('',(0.,0.,1.));
#3701=DIRECTION('',(1.,0.,0.));
#3702=DIRECTION('',(0.,0.,1.));
#3703=DIRECTION('',(1.,0.,0.));
#3704=DIRECTION('',(-1.,0.,0.));
#3705=DIRECTION('',(0.,0.,1.));
#3706=DIRECTION('',(1.,0.,0.));
#3707=DIRECTION('',(0.,0.,1.));
#3708=DIRECTION('',(1.,0.,0.));
#3709=DIRECTION('',(0.,0.,1.));
#3710=DIRECTION('',(1.,0.,0.));
#3711=DIRECTION('',(0.5,-0.866025403784438,0.));
#3712=DIRECTION('',(0.,0.,1.));
#3713=DIRECTION('',(1.,0.,0.));
#3714=DIRECTION('',(0.,0.,1.));
#3715=DIRECTION('',(1.,0.,0.));
#3716=DIRECTION('',(0.,0.,1.));
#3717=DIRECTION('',(1.,0.,0.));
#3718=DIRECTION('',(0.,0.,1.));
#3719=DIRECTION('',(1.,0.,0.));
#3720=DIRECTION('',(0.,0.,1.));
#3721=DIRECTION('',(1.,0.,0.));
#3722=DIRECTION('',(0.,0.,1.));
#3723=DIRECTION('',(1.,0.,0.));
#3724=DIRECTION('',(0.,0.,1.));
#3725=DIRECTION('',(1.,0.,0.));
#3726=DIRECTION('',(0.,0.,1.));
#3727=DIRECTION('',(1.,0.,0.));
#3728=DIRECTION('',(0.,0.,1.));
#3729=DIRECTION('',(1.,0.,0.));
#3730=DIRECTION('',(0.,0.,1.));
#3731=DIRECTION('',(1.,0.,0.));
#3732=DIRECTION('',(0.,0.,1.));
#3733=DIRECTION('',(1.,0.,0.));
#3734=DIRECTION('',(0.,0.,1.));
#3735=DIRECTION('',(1.,0.,0.));
#3736=DIRECTION('',(0.,0.,1.));
#3737=DIRECTION('',(1.,0.,0.));
#3738=DIRECTION('',(1.,0.,0.));
#3739=DIRECTION('',(0.,0.,1.));
#3740=DIRECTION('',(1.,0.,0.));
#3741=DIRECTION('',(0.,1.,0.));
#3742=DIRECTION('',(0.,0.,1.));
#3743=DIRECTION('',(1.,0.,0.));
#3744=DIRECTION('',(1.,0.,0.));
#3745=DIRECTION('',(0.,0.,1.));
#3746=DIRECTION('',(1.,0.,0.));
#3747=DIRECTION('',(0.,1.,0.));
#3748=DIRECTION('',(0.,0.,1.));
#3749=DIRECTION('',(1.,0.,0.));
#3750=DIRECTION('',(0.,0.,1.));
#3751=DIRECTION('',(1.,0.,0.));
#3752=DIRECTION('',(1.,1.98254111540206E-15,0.));
#3753=DIRECTION('',(0.,0.,1.));
#3754=DIRECTION('',(1.,0.,0.));
#3755=DIRECTION('',(0.,-1.,0.));
#3756=DIRECTION('',(0.,0.,1.));
#3757=DIRECTION('',(1.,0.,0.));
#3758=DIRECTION('',(0.,0.,1.));
#3759=DIRECTION('',(1.,0.,0.));
#3760=DIRECTION('',(0.,0.,1.));
#3761=DIRECTION('',(1.,0.,0.));
#3762=DIRECTION('',(0.,-1.,0.));
#3763=DIRECTION('',(0.,0.,1.));
#3764=DIRECTION('',(1.,0.,0.));
#3765=DIRECTION('',(0.,0.,1.));
#3766=DIRECTION('',(1.,0.,0.));
#3767=DIRECTION('',(0.,0.,1.));
#3768=DIRECTION('',(1.,0.,0.));
#3769=DIRECTION('',(-1.,-1.98254111540206E-15,0.));
#3770=DIRECTION('',(0.,0.,1.));
#3771=DIRECTION('',(1.,0.,0.));
#3772=DIRECTION('',(0.,0.,1.));
#3773=DIRECTION('',(1.,0.,0.));
#3774=DIRECTION('',(0.,0.,1.));
#3775=DIRECTION('',(1.,0.,0.));
#3776=DIRECTION('',(-0.5,-0.86602540378444,0.));
#3777=DIRECTION('',(0.,0.,1.));
#3778=DIRECTION('',(1.,0.,0.));
#3779=DIRECTION('',(0.,0.,1.));
#3780=DIRECTION('',(1.,0.,0.));
#3781=DIRECTION('',(0.5,-0.866025403784438,0.));
#3782=DIRECTION('',(0.,0.,1.));
#3783=DIRECTION('',(1.,0.,0.));
#3784=DIRECTION('',(0.,0.,1.));
#3785=DIRECTION('',(1.,0.,0.));
#3786=DIRECTION('',(0.,0.,1.));
#3787=DIRECTION('',(1.,0.,0.));
#3788=DIRECTION('',(1.,1.98254111540206E-15,0.));
#3789=DIRECTION('',(0.,0.,1.));
#3790=DIRECTION('',(1.,0.,0.));
#3791=DIRECTION('',(0.,0.,1.));
#3792=DIRECTION('',(1.,0.,0.));
#3793=DIRECTION('',(0.,0.,1.));
#3794=DIRECTION('',(1.,0.,0.));
#3795=DIRECTION('',(0.,-1.,0.));
#3796=DIRECTION('',(0.,0.,1.));
#3797=DIRECTION('',(1.,0.,0.));
#3798=DIRECTION('',(0.,0.,1.));
#3799=DIRECTION('',(1.,0.,0.));
#3800=DIRECTION('',(0.,0.,1.));
#3801=DIRECTION('',(1.,0.,0.));
#3802=DIRECTION('',(0.,-1.,0.));
#3803=DIRECTION('',(0.,0.,1.));
#3804=DIRECTION('',(1.,0.,0.));
#3805=DIRECTION('',(-1.,-1.98254111540206E-15,0.));
#3806=DIRECTION('',(0.,0.,1.));
#3807=DIRECTION('',(1.,0.,0.));
#3808=DIRECTION('',(0.,0.,1.));
#3809=DIRECTION('',(1.,0.,0.));
#3810=DIRECTION('',(0.,0.,1.));
#3811=DIRECTION('',(0.,0.,1.));
#3812=DIRECTION('',(-1.,0.,0.));
#3813=DIRECTION('',(0.,0.,1.));
#3814=DIRECTION('',(0.,0.,1.));
#3815=DIRECTION('',(0.,0.,1.));
#3816=DIRECTION('',(1.,0.,0.));
#3817=DIRECTION('',(0.,0.,1.));
#3818=DIRECTION('',(0.,1.,0.));
#3819=DIRECTION('',(0.,0.,1.));
#3820=DIRECTION('',(0.,0.,1.));
#3821=DIRECTION('',(0.,0.,1.));
#3822=DIRECTION('',(1.,0.,0.));
#3823=DIRECTION('',(0.,0.,1.));
#3824=DIRECTION('',(-1.,0.,0.));
#3825=DIRECTION('',(0.,0.,1.));
#3826=DIRECTION('',(0.,0.,1.));
#3827=DIRECTION('',(0.,0.,1.));
#3828=DIRECTION('',(1.,0.,0.));
#3829=DIRECTION('',(0.,0.,1.));
#3830=DIRECTION('',(0.,1.,0.));
#3831=DIRECTION('',(0.,0.,1.));
#3832=DIRECTION('',(0.,0.,-1.));
#3833=DIRECTION('',(-1.,0.,0.));
#3834=DIRECTION('',(0.,0.,-1.));
#3835=DIRECTION('',(-1.,0.,0.));
#3836=DIRECTION('',(0.,0.,1.));
#3837=DIRECTION('',(1.,0.,0.));
#3838=DIRECTION('',(0.,0.,-1.));
#3839=DIRECTION('',(-1.,0.,0.));
#3840=DIRECTION('',(0.,0.,-1.));
#3841=DIRECTION('',(-1.,0.,0.));
#3842=DIRECTION('',(0.,0.,1.));
#3843=DIRECTION('',(1.,0.,0.));
#3844=DIRECTION('',(0.,0.,-1.));
#3845=DIRECTION('',(-1.,0.,0.));
#3846=DIRECTION('',(0.,0.,-1.));
#3847=DIRECTION('',(-1.,0.,0.));
#3848=DIRECTION('',(0.,0.,1.));
#3849=DIRECTION('',(1.,0.,0.));
#3850=DIRECTION('',(0.,0.,-1.));
#3851=DIRECTION('',(-1.,0.,0.));
#3852=DIRECTION('',(0.,0.,-1.));
#3853=DIRECTION('',(-1.,0.,0.));
#3854=DIRECTION('',(0.,0.,1.));
#3855=DIRECTION('',(1.,0.,0.));
#3856=DIRECTION('',(0.,0.,-1.));
#3857=DIRECTION('',(-1.,0.,0.));
#3858=DIRECTION('',(0.,0.,-1.));
#3859=DIRECTION('',(-1.,0.,0.));
#3860=DIRECTION('',(0.,0.,1.));
#3861=DIRECTION('',(1.,0.,0.));
#3862=DIRECTION('',(0.,0.,-1.));
#3863=DIRECTION('',(-1.,0.,0.));
#3864=DIRECTION('',(0.,0.,-1.));
#3865=DIRECTION('',(-1.,0.,0.));
#3866=DIRECTION('',(0.,0.,1.));
#3867=DIRECTION('',(1.,0.,0.));
#3868=DIRECTION('',(0.,0.,-1.));
#3869=DIRECTION('',(-1.,0.,0.));
#3870=DIRECTION('',(0.,0.,-1.));
#3871=DIRECTION('',(-1.,0.,0.));
#3872=DIRECTION('',(0.,0.,1.));
#3873=DIRECTION('',(1.,0.,0.));
#3874=DIRECTION('',(0.,0.,-1.));
#3875=DIRECTION('',(-1.,0.,0.));
#3876=DIRECTION('',(0.,0.,-1.));
#3877=DIRECTION('',(-1.,0.,0.));
#3878=DIRECTION('',(0.,0.,1.));
#3879=DIRECTION('',(1.,0.,0.));
#3880=DIRECTION('',(0.,0.,-1.));
#3881=DIRECTION('',(-1.,0.,0.));
#3882=DIRECTION('',(0.,0.,-1.));
#3883=DIRECTION('',(-1.,0.,0.));
#3884=DIRECTION('',(0.,0.,1.));
#3885=DIRECTION('',(1.,0.,0.));
#3886=DIRECTION('',(0.,0.,-1.));
#3887=DIRECTION('',(-1.,0.,0.));
#3888=DIRECTION('',(0.,0.,-1.));
#3889=DIRECTION('',(-1.,0.,0.));
#3890=DIRECTION('',(0.,0.,1.));
#3891=DIRECTION('',(1.,0.,0.));
#3892=DIRECTION('',(0.,0.,-1.));
#3893=DIRECTION('',(-1.,0.,0.));
#3894=DIRECTION('',(0.,0.,-1.));
#3895=DIRECTION('',(-1.,0.,0.));
#3896=DIRECTION('',(0.,0.,1.));
#3897=DIRECTION('',(1.,0.,0.));
#3898=DIRECTION('',(0.,0.,-1.));
#3899=DIRECTION('',(-1.,0.,0.));
#3900=DIRECTION('',(0.,0.,-1.));
#3901=DIRECTION('',(-1.,0.,0.));
#3902=DIRECTION('',(0.,0.,1.));
#3903=DIRECTION('',(1.,0.,0.));
#3904=DIRECTION('',(0.,1.,0.));
#3905=DIRECTION('',(0.,0.,1.));
#3906=DIRECTION('',(0.,0.,-1.));
#3907=DIRECTION('',(0.,0.,-1.));
#3908=DIRECTION('',(0.,0.,1.));
#3909=DIRECTION('',(1.,0.,0.));
#3910=DIRECTION('',(0.,0.,1.));
#3911=DIRECTION('',(0.,0.,1.));
#3912=DIRECTION('',(0.,0.,1.));
#3913=DIRECTION('',(1.,0.,0.));
#3914=DIRECTION('',(0.,0.,1.));
#3915=DIRECTION('',(0.,0.,1.));
#3916=DIRECTION('',(-0.866025403784437,-0.5,0.));
#3917=DIRECTION('',(0.5,-0.866025403784438,0.));
#3918=DIRECTION('',(0.,0.,-1.));
#3919=DIRECTION('',(0.,0.,1.));
#3920=DIRECTION('',(0.86602540378444,-0.5,0.));
#3921=DIRECTION('',(0.5,0.86602540378444,0.));
#3922=DIRECTION('',(0.,0.,1.));
#3923=DIRECTION('',(0.,0.,-1.));
#3924=DIRECTION('',(0.,0.,1.));
#3925=DIRECTION('',(1.,0.,0.));
#3926=DIRECTION('',(0.,0.,1.));
#3927=DIRECTION('',(1.,0.,0.));
#3928=DIRECTION('',(0.,0.,1.));
#3929=DIRECTION('',(1.,0.,0.));
#3930=DIRECTION('',(0.,0.,1.));
#3931=DIRECTION('',(1.,0.,0.));
#3932=DIRECTION('',(0.,0.,1.));
#3933=DIRECTION('',(1.,0.,0.));
#3934=DIRECTION('',(0.,0.,1.));
#3935=DIRECTION('',(1.,0.,0.));
#3936=DIRECTION('',(0.,1.,0.));
#3937=DIRECTION('',(0.,0.,1.));
#3938=DIRECTION('',(0.,0.,1.));
#3939=DIRECTION('',(0.,0.,1.));
#3940=DIRECTION('',(0.,0.,1.));
#3941=DIRECTION('',(1.,0.,0.));
#3942=DIRECTION('',(0.,0.,1.));
#3943=DIRECTION('',(0.,0.,1.));
#3944=DIRECTION('',(0.,0.,1.));
#3945=DIRECTION('',(1.,0.,0.));
#3946=DIRECTION('',(0.,0.,1.));
#3947=DIRECTION('',(0.,0.,1.));
#3948=DIRECTION('',(0.866025403784438,0.5,0.));
#3949=DIRECTION('',(-0.5,0.866025403784438,0.));
#3950=DIRECTION('',(0.,0.,-1.));
#3951=DIRECTION('',(0.,0.,1.));
#3952=DIRECTION('',(-0.866025403784439,0.5,0.));
#3953=DIRECTION('',(-0.5,-0.866025403784439,0.));
#3954=DIRECTION('',(0.,0.,-1.));
#3955=DIRECTION('',(0.,0.,-1.));
#3956=DIRECTION('',(0.,0.,1.));
#3957=DIRECTION('',(1.,0.,0.));
#3958=DIRECTION('',(0.,0.,-1.));
#3959=DIRECTION('',(-1.,0.,0.));
#3960=DIRECTION('',(0.,0.,1.));
#3961=DIRECTION('',(1.,0.,0.));
#3962=DIRECTION('',(0.,0.,1.));
#3963=DIRECTION('',(1.,0.,0.));
#3964=DIRECTION('',(0.,0.,1.));
#3965=DIRECTION('',(1.,0.,0.));
#3966=DIRECTION('',(0.,0.,1.));
#3967=DIRECTION('',(1.,0.,0.));
#3968=DIRECTION('',(-1.,0.,0.));
#3969=DIRECTION('',(0.,0.,1.));
#3970=DIRECTION('',(0.,0.,-1.));
#3971=DIRECTION('',(0.,0.,-1.));
#3972=DIRECTION('',(0.,0.,1.));
#3973=DIRECTION('',(1.,0.,0.));
#3974=DIRECTION('',(0.,0.,1.));
#3975=DIRECTION('',(0.,0.,1.));
#3976=DIRECTION('',(-1.,0.,0.));
#3977=DIRECTION('',(0.,0.,1.));
#3978=DIRECTION('',(0.,0.,-1.));
#3979=DIRECTION('',(0.,0.,-1.));
#3980=DIRECTION('',(0.,0.,1.));
#3981=DIRECTION('',(1.,0.,0.));
#3982=DIRECTION('',(0.,0.,1.));
#3983=DIRECTION('',(0.,0.,1.));
#3984=DIRECTION('',(0.,0.,1.));
#3985=DIRECTION('',(1.,0.,0.));
#3986=DIRECTION('',(0.,0.,1.));
#3987=DIRECTION('',(0.,0.,1.));
#3988=DIRECTION('',(2.27992228271238E-15,-1.,0.));
#3989=DIRECTION('',(1.,2.27992228271238E-15,0.));
#3990=DIRECTION('',(0.,0.,-1.));
#3991=DIRECTION('',(0.,0.,-1.));
#3992=DIRECTION('',(0.866025403784437,0.5,0.));
#3993=DIRECTION('',(-0.5,0.866025403784438,0.));
#3994=DIRECTION('',(0.,0.,-1.));
#3995=DIRECTION('',(0.,0.,-1.));
#3996=DIRECTION('',(-2.37904933848248E-15,1.,0.));
#3997=DIRECTION('',(-1.,-2.37904933848248E-15,0.));
#3998=DIRECTION('',(0.,0.,-1.));
#3999=DIRECTION('',(0.,0.,-1.));
#4000=DIRECTION('',(0.,0.,-1.));
#4001=DIRECTION('',(-1.,0.,0.));
#4002=DIRECTION('',(0.,0.,-1.));
#4003=DIRECTION('',(-1.,0.,0.));
#4004=DIRECTION('',(0.,0.,-1.));
#4005=DIRECTION('',(-1.,0.,0.));
#4006=DIRECTION('',(0.,0.,1.));
#4007=DIRECTION('',(1.,0.,0.));
#4008=DIRECTION('',(0.,0.,1.));
#4009=DIRECTION('',(1.,0.,0.));
#4010=DIRECTION('',(0.,0.,1.));
#4011=DIRECTION('',(1.,0.,0.));
#4012=DIRECTION('',(0.,0.,1.));
#4013=DIRECTION('',(1.,0.,0.));
#4014=DIRECTION('',(0.,0.,1.));
#4015=DIRECTION('',(1.,0.,0.));
#4016=DIRECTION('',(0.,0.,1.));
#4017=DIRECTION('',(1.,0.,0.));
#4018=DIRECTION('',(-1.,0.,0.));
#4019=DIRECTION('',(0.,0.,1.));
#4020=DIRECTION('',(0.,0.,1.));
#4021=DIRECTION('',(0.,0.,1.));
#4022=DIRECTION('',(0.,0.,1.));
#4023=DIRECTION('',(1.,0.,0.));
#4024=DIRECTION('',(0.,0.,1.));
#4025=DIRECTION('',(0.,0.,1.));
#4026=DIRECTION('',(-1.,0.,0.));
#4027=DIRECTION('',(0.,0.,1.));
#4028=DIRECTION('',(0.,0.,-1.));
#4029=DIRECTION('',(0.,0.,1.));
#4030=DIRECTION('',(0.,0.,1.));
#4031=DIRECTION('',(1.,0.,0.));
#4032=DIRECTION('',(0.,0.,1.));
#4033=DIRECTION('',(0.,0.,1.));
#4034=DIRECTION('',(0.,0.,1.));
#4035=DIRECTION('',(1.,0.,0.));
#4036=DIRECTION('',(0.,0.,1.));
#4037=DIRECTION('',(0.,0.,1.));
#4038=DIRECTION('',(-0.86602540378444,0.5,0.));
#4039=DIRECTION('',(-0.5,-0.86602540378444,0.));
#4040=DIRECTION('',(0.,0.,-1.));
#4041=DIRECTION('',(0.,0.,-1.));
#4042=DIRECTION('',(1.98254111540206E-15,-1.,0.));
#4043=DIRECTION('',(1.,1.98254111540206E-15,0.));
#4044=DIRECTION('',(0.,0.,-1.));
#4045=DIRECTION('',(0.,0.,-1.));
#4046=DIRECTION('',(-1.98254111540206E-15,1.,0.));
#4047=DIRECTION('',(-1.,-1.98254111540206E-15,0.));
#4048=DIRECTION('',(0.,0.,-1.));
#4049=DIRECTION('',(0.,0.,-1.));
#4050=DIRECTION('',(0.,0.,-1.));
#4051=DIRECTION('',(-1.,0.,0.));
#4052=DIRECTION('',(0.,0.,-1.));
#4053=DIRECTION('',(-1.,0.,0.));
#4054=DIRECTION('',(0.,0.,1.));
#4055=DIRECTION('',(1.,0.,0.));
#4056=DIRECTION('',(0.,0.,1.));
#4057=DIRECTION('',(1.,0.,0.));
#4058=DIRECTION('',(0.,0.,1.));
#4059=DIRECTION('',(1.,0.,0.));
#4060=DIRECTION('',(0.,0.,1.));
#4061=DIRECTION('',(1.,0.,0.));
#4062=DIRECTION('',(0.,0.,1.));
#4063=DIRECTION('',(1.,0.,0.));
#4064=DIRECTION('',(0.,0.,1.));
#4065=DIRECTION('',(1.,0.,0.));
#4066=DIRECTION('',(0.,0.,1.));
#4067=DIRECTION('',(1.,0.,0.));
#4068=DIRECTION('',(0.,0.,1.));
#4069=DIRECTION('',(1.,0.,0.));
#4070=DIRECTION('',(0.,0.,1.));
#4071=DIRECTION('',(0.,0.,1.));
#4072=DIRECTION('',(0.,0.,1.));
#4073=DIRECTION('',(1.,0.,0.));
#4074=DIRECTION('',(0.,0.,1.));
#4075=DIRECTION('',(0.,0.,1.));
#4076=DIRECTION('',(0.,0.,1.));
#4077=DIRECTION('',(1.,0.,0.));
#4078=DIRECTION('',(0.,0.,1.));
#4079=DIRECTION('',(0.,0.,1.));
#4080=DIRECTION('',(-1.,0.,0.));
#4081=DIRECTION('',(0.,0.,1.));
#4082=DIRECTION('',(0.,0.,1.));
#4083=DIRECTION('',(0.,0.,-1.));
#4084=DIRECTION('',(-1.,0.,0.));
#4085=DIRECTION('',(0.,0.,1.));
#4086=DIRECTION('',(0.,0.,-1.));
#4087=DIRECTION('',(0.,0.,-1.));
#4088=DIRECTION('',(0.866025403784438,-0.5,0.));
#4089=DIRECTION('',(0.5,0.866025403784439,0.));
#4090=DIRECTION('',(0.,0.,-1.));
#4091=DIRECTION('',(0.,0.,-1.));
#4092=DIRECTION('',(-2.27992228271238E-15,1.,0.));
#4093=DIRECTION('',(-1.,-2.27992228271238E-15,0.));
#4094=DIRECTION('',(0.,0.,-1.));
#4095=DIRECTION('',(0.,0.,1.));
#4096=DIRECTION('',(2.37904933848248E-15,-1.,0.));
#4097=DIRECTION('',(1.,2.37904933848248E-15,0.));
#4098=DIRECTION('',(0.,0.,-1.));
#4099=DIRECTION('',(0.,0.,-1.));
#4100=DIRECTION('',(0.,0.,-1.));
#4101=DIRECTION('',(-1.,0.,0.));
#4102=DIRECTION('',(0.,0.,-1.));
#4103=DIRECTION('',(-1.,0.,0.));
#4104=DIRECTION('',(0.,0.,1.));
#4105=DIRECTION('',(1.,0.,0.));
#4106=DIRECTION('',(0.,0.,1.));
#4107=DIRECTION('',(1.,0.,0.));
#4108=DIRECTION('',(0.,0.,1.));
#4109=DIRECTION('',(1.,0.,0.));
#4110=DIRECTION('',(0.,0.,1.));
#4111=DIRECTION('',(1.,0.,0.));
#4112=DIRECTION('',(0.,0.,1.));
#4113=DIRECTION('',(1.,0.,0.));
#4114=DIRECTION('',(0.,0.,1.));
#4115=DIRECTION('',(1.,0.,0.));
#4116=DIRECTION('',(0.,0.,1.));
#4117=DIRECTION('',(1.,0.,0.));
#4118=DIRECTION('',(-1.,0.,0.));
#4119=DIRECTION('',(0.,0.,1.));
#4120=DIRECTION('',(0.,0.,1.));
#4121=DIRECTION('',(0.,0.,1.));
#4122=DIRECTION('',(0.,0.,1.));
#4123=DIRECTION('',(1.,0.,0.));
#4124=DIRECTION('',(0.,0.,1.));
#4125=DIRECTION('',(0.,0.,1.));
#4126=DIRECTION('',(-1.,0.,0.));
#4127=DIRECTION('',(0.,0.,1.));
#4128=DIRECTION('',(0.,0.,1.));
#4129=DIRECTION('',(0.,0.,1.));
#4130=DIRECTION('',(0.,0.,1.));
#4131=DIRECTION('',(1.,0.,0.));
#4132=DIRECTION('',(0.,0.,1.));
#4133=DIRECTION('',(0.,0.,1.));
#4134=DIRECTION('',(0.,0.,1.));
#4135=DIRECTION('',(1.,0.,0.));
#4136=DIRECTION('',(0.,0.,1.));
#4137=DIRECTION('',(0.,0.,1.));
#4138=DIRECTION('',(-1.98254111540206E-15,1.,0.));
#4139=DIRECTION('',(-1.,-1.98254111540206E-15,0.));
#4140=DIRECTION('',(0.,0.,1.));
#4141=DIRECTION('',(0.,0.,1.));
#4142=DIRECTION('',(-0.866025403784438,-0.5,0.));
#4143=DIRECTION('',(0.5,-0.866025403784438,0.));
#4144=DIRECTION('',(0.,0.,1.));
#4145=DIRECTION('',(0.,0.,-1.));
#4146=DIRECTION('',(1.98254111540206E-15,-1.,0.));
#4147=DIRECTION('',(1.,1.98254111540206E-15,0.));
#4148=DIRECTION('',(0.,0.,-1.));
#4149=DIRECTION('',(0.,0.,-1.));
#4150=DIRECTION('',(0.,0.,1.));
#4151=DIRECTION('',(1.,0.,0.));
#4152=DIRECTION('',(0.,0.,1.));
#4153=DIRECTION('',(1.,0.,0.));
#4154=DIRECTION('',(0.,0.,-1.));
#4155=DIRECTION('',(-1.,0.,0.));
#4156=DIRECTION('',(0.,0.,1.));
#4157=DIRECTION('',(1.,0.,0.));
#4158=DIRECTION('',(0.,0.,1.));
#4159=DIRECTION('',(1.,0.,0.));
#4160=DIRECTION('',(0.,0.,1.));
#4161=DIRECTION('',(1.,0.,0.));
#4162=DIRECTION('',(0.,0.,1.));
#4163=DIRECTION('',(1.,0.,0.));
#4164=DIRECTION('',(0.,0.,1.));
#4165=DIRECTION('',(1.,0.,0.));
#4166=DIRECTION('',(0.,0.,1.));
#4167=DIRECTION('',(1.,0.,0.));
#4168=DIRECTION('',(0.,0.,-1.));
#4169=DIRECTION('',(-1.,0.,0.));
#4170=DIRECTION('',(0.,0.,-1.));
#4171=DIRECTION('',(-1.,0.,0.));
#4172=DIRECTION('',(0.,0.,-1.));
#4173=DIRECTION('',(-1.,0.,0.));
#4174=DIRECTION('',(0.,0.,-1.));
#4175=DIRECTION('',(-1.,0.,0.));
#4176=CARTESIAN_POINT('',(0.,0.,0.));
#4177=CARTESIAN_POINT('',(-0.0141741160393055,0.0245502891324554,0.055));
#4178=CARTESIAN_POINT('',(-0.0141741160393055,0.0268108891324553,0.055));
#4179=CARTESIAN_POINT('',(-0.0141741160393055,0.0268108891324557,0.05));
#4180=CARTESIAN_POINT('',(-0.0141741160393055,0.0268108891324553,0.0325));
#4181=CARTESIAN_POINT('',(-0.0141741160393055,0.0245502891324554,0.05));
#4182=CARTESIAN_POINT('',(-0.0161318530671009,0.0256805891324556,0.05));
#4183=CARTESIAN_POINT('',(-0.0161318530671006,0.0256805891324554,0.055));
#4184=CARTESIAN_POINT('',(-0.0161318530671006,0.0256805891324554,0.0325));
#4185=CARTESIAN_POINT('',(-0.0141741160393055,0.0245502891324554,0.0325));
#4186=CARTESIAN_POINT('',(0.0141741160393068,0.0245502891324554,0.055));
#4187=CARTESIAN_POINT('',(0.0161318530671019,0.0256805891324554,0.055));
#4188=CARTESIAN_POINT('',(0.0161318530671018,0.0256805891324553,0.05));
#4189=CARTESIAN_POINT('',(0.0161318530671019,0.0256805891324554,0.0325));
#4190=CARTESIAN_POINT('',(0.0141741160393068,0.0245502891324554,0.05));
#4191=CARTESIAN_POINT('',(0.0141741160393069,0.026810889132455,0.05));
#4192=CARTESIAN_POINT('',(0.0141741160393068,0.0268108891324554,0.055));
#4193=CARTESIAN_POINT('',(0.0141741160393068,0.0268108891324554,0.0325));
#4194=CARTESIAN_POINT('',(0.0141741160393068,0.0245502891324554,0.0325));
#4195=CARTESIAN_POINT('',(0.0283482320786128,5.18682319317065E-16,0.055));
#4196=CARTESIAN_POINT('',(0.030305969106408,-0.00113029999999948,0.055));
#4197=CARTESIAN_POINT('',(0.0303059691064082,-0.00113029999999967,0.05));
#4198=CARTESIAN_POINT('',(0.030305969106408,-0.00113029999999947,0.0325));
#4199=CARTESIAN_POINT('',(0.0283482320786128,5.18682319317065E-16,0.05));
#4200=CARTESIAN_POINT('',(0.0303059691064072,0.00113030000000002,0.05));
#4201=CARTESIAN_POINT('',(0.030305969106408,0.00113030000000052,0.055));
#4202=CARTESIAN_POINT('',(0.030305969106408,0.00113030000000052,0.0325));
#4203=CARTESIAN_POINT('',(0.0283482320786128,5.18682319317065E-16,0.0325));
#4204=CARTESIAN_POINT('',(0.0141741160393063,-0.0245502891324554,0.055));
#4205=CARTESIAN_POINT('',(0.0141741160393064,-0.0268108891324554,0.055));
#4206=CARTESIAN_POINT('',(0.0141741160393063,-0.0268108891324557,0.05));
#4207=CARTESIAN_POINT('',(0.0141741160393064,-0.0268108891324554,0.0325));
#4208=CARTESIAN_POINT('',(0.0141741160393063,-0.0245502891324554,0.05));
#4209=CARTESIAN_POINT('',(0.016131853067101,-0.0256805891324552,0.05));
#4210=CARTESIAN_POINT('',(0.0161318530671015,-0.0256805891324554,0.055));
#4211=CARTESIAN_POINT('',(0.0161318530671015,-0.0256805891324554,0.0325));
#4212=CARTESIAN_POINT('',(0.0141741160393063,-0.0245502891324554,0.0325));
#4213=CARTESIAN_POINT('',(-0.0141741160393061,-0.0245502891324555,0.055));
#4214=CARTESIAN_POINT('',(-0.0161318530671012,-0.0256805891324555,0.055));
#4215=CARTESIAN_POINT('',(-0.0161318530671016,-0.0256805891324556,0.05));
#4216=CARTESIAN_POINT('',(-0.0161318530671012,-0.0256805891324555,0.0325));
#4217=CARTESIAN_POINT('',(-0.0141741160393061,-0.0245502891324555,0.05));
#4218=CARTESIAN_POINT('',(-0.0141741160393061,-0.026810889132455,0.05));
#4219=CARTESIAN_POINT('',(-0.0141741160393061,-0.0268108891324555,0.055));
#4220=CARTESIAN_POINT('',(-0.0141741160393061,-0.0268108891324555,0.0325));
#4221=CARTESIAN_POINT('',(-0.0141741160393061,-0.0245502891324555,0.0325));
#4222=CARTESIAN_POINT('',(-0.0283482320786121,-6.78276879106932E-16,0.055));
#4223=CARTESIAN_POINT('',(-0.0303059691064072,0.00113029999999932,0.055));
#4224=CARTESIAN_POINT('',(-0.0303059691064081,0.00113029999999989,0.05));
#4225=CARTESIAN_POINT('',(-0.0303059691064072,0.00113029999999932,0.0325));
#4226=CARTESIAN_POINT('',(-0.0283482320786121,-6.78276879106932E-16,0.05));
#4227=CARTESIAN_POINT('',(-0.0303059691064072,-0.00113030000000069,0.05));
#4228=CARTESIAN_POINT('',(-0.0303059691064072,-0.00113030000000069,0.055));
#4229=CARTESIAN_POINT('',(-0.0303059691064072,-0.00113030000000068,0.0325));
#4230=CARTESIAN_POINT('',(-0.0283482320786121,-6.78276879106932E-16,0.0325));
#4231=CARTESIAN_POINT('',(-0.0232189110867539,0.0134054445662273,0.055));
#4232=CARTESIAN_POINT('',(-0.0232189110867541,0.0134054445662282,0.05));
#4233=CARTESIAN_POINT('',(-0.0232189110867539,0.0134054445662273,0.0325));
#4234=CARTESIAN_POINT('',(-5.31536900455792E-17,0.0268108891324553,0.055));
#4235=CARTESIAN_POINT('',(6.34908792207511E-16,0.0268108891324553,0.05));
#4236=CARTESIAN_POINT('',(-5.31536900455792E-17,0.0268108891324553,0.0325));
#4237=CARTESIAN_POINT('',(0.0232189110867549,0.013405444566228,0.055));
#4238=CARTESIAN_POINT('',(0.0232189110867548,0.0134054445662271,0.05));
#4239=CARTESIAN_POINT('',(0.0232189110867549,0.013405444566228,0.0325));
#4240=CARTESIAN_POINT('',(0.0232189110867545,-0.0134054445662277,0.055));
#4241=CARTESIAN_POINT('',(0.0232189110867541,-0.0134054445662282,0.05));
#4242=CARTESIAN_POINT('',(0.0232189110867545,-0.0134054445662277,0.0325));
#4243=CARTESIAN_POINT('',(5.31536900455793E-17,-0.0268108891324554,0.055));
#4244=CARTESIAN_POINT('',(-6.40112962635442E-16,-0.0268108891324553,0.05));
#4245=CARTESIAN_POINT('',(5.31536900455793E-17,-0.0268108891324554,0.0325));
#4246=CARTESIAN_POINT('',(-0.0232189110867544,-0.0134054445662277,0.055));
#4247=CARTESIAN_POINT('',(-0.0232189110867548,-0.0134054445662271,0.05));
#4248=CARTESIAN_POINT('',(-0.0232189110867544,-0.0134054445662277,0.0325));
#4249=CARTESIAN_POINT('',(0.0377047994086131,0.00231514999999967,0.055));
#4250=CARTESIAN_POINT('',(0.0377047994086131,0.00231514999999967,0.035));
#4251=CARTESIAN_POINT('',(0.0390414518843274,-2.393918396848E-16,0.035));
#4252=CARTESIAN_POINT('',(0.0363681469328994,0.0046302999999999,0.035));
#4253=CARTESIAN_POINT('',(0.0363681469328994,0.0046302999999999,0.0037394));
#4254=CARTESIAN_POINT('',(0.0363681469328994,0.0046302999999999,0.0325));
#4255=CARTESIAN_POINT('',(0.0292810889132459,0.016905444566228,0.0325));
#4256=CARTESIAN_POINT('',(0.0221940308935928,0.0291805891324557,0.0325));
#4257=CARTESIAN_POINT('',(0.0221940308935928,0.0291805891324557,0.0037394));
#4258=CARTESIAN_POINT('',(0.0221940308935928,0.0291805891324557,0.035));
#4259=CARTESIAN_POINT('',(0.0377047994086131,0.00231514999999967,0.035));
#4260=CARTESIAN_POINT('',(0.0195207259421639,0.0338108891324552,0.035));
#4261=CARTESIAN_POINT('',(0.0195207259421639,0.0338108891324552,0.055));
#4262=CARTESIAN_POINT('',(0.0195207259421639,0.0338108891324552,0.055));
#4263=CARTESIAN_POINT('',(0.0377047994086131,0.00231514999999967,0.055));
#4264=CARTESIAN_POINT('',(0.0390414518843274,-2.393918396848E-16,0.055));
#4265=CARTESIAN_POINT('',(0.0390414518843274,-2.393918396848E-16,0.055));
#4266=CARTESIAN_POINT('',(0.0168474209907352,0.0338108891324552,0.055));
#4267=CARTESIAN_POINT('',(0.0168474209907352,0.0338108891324552,0.035));
#4268=CARTESIAN_POINT('',(0.0141741160393065,0.0338108891324554,0.035));
#4269=CARTESIAN_POINT('',(0.0141741160393065,0.0338108891324554,0.0037394));
#4270=CARTESIAN_POINT('',(0.0141741160393065,0.0338108891324554,0.0325));
#4271=CARTESIAN_POINT('',(-6.70314778533937E-17,0.0338108891324553,0.0325));
#4272=CARTESIAN_POINT('',(-0.0141741160393061,0.0338108891324553,0.0325));
#4273=CARTESIAN_POINT('',(-0.0141741160393061,0.0338108891324553,0.0037394));
#4274=CARTESIAN_POINT('',(-0.0141741160393061,0.0338108891324553,0.035));
#4275=CARTESIAN_POINT('',(0.0168474209907352,0.0338108891324552,0.035));
#4276=CARTESIAN_POINT('',(-0.0195207259421635,0.0338108891324555,0.035));
#4277=CARTESIAN_POINT('',(-0.0195207259421635,0.0338108891324555,0.055));
#4278=CARTESIAN_POINT('',(-0.0195207259421635,0.0338108891324555,0.055));
#4279=CARTESIAN_POINT('',(0.0168474209907352,0.0338108891324552,0.055));
#4280=CARTESIAN_POINT('',(-0.020857378417878,0.0314957391324553,0.055));
#4281=CARTESIAN_POINT('',(-0.020857378417878,0.0314957391324553,0.035));
#4282=CARTESIAN_POINT('',(-0.022194030893592,0.0291805891324549,0.035));
#4283=CARTESIAN_POINT('',(-0.022194030893592,0.0291805891324549,0.0037394));
#4284=CARTESIAN_POINT('',(-0.022194030893592,0.0291805891324549,0.0325));
#4285=CARTESIAN_POINT('',(-0.029281088913245,0.0169054445662273,0.0325));
#4286=CARTESIAN_POINT('',(-0.0363681469328978,0.00463030000000009,0.0325));
#4287=CARTESIAN_POINT('',(-0.0363681469328978,0.00463030000000009,0.0037394));
#4288=CARTESIAN_POINT('',(-0.0363681469328978,0.00463030000000009,0.035));
#4289=CARTESIAN_POINT('',(-0.020857378417878,0.0314957391324553,0.035));
#4290=CARTESIAN_POINT('',(-0.0390414518843274,2.56739074444567E-16,0.035));
#4291=CARTESIAN_POINT('',(-0.0390414518843274,2.56739074444567E-16,0.055));
#4292=CARTESIAN_POINT('',(-0.0390414518843274,2.56739074444567E-16,0.055));
#4293=CARTESIAN_POINT('',(-0.020857378417878,0.0314957391324553,0.055));
#4294=CARTESIAN_POINT('',(-0.037704799408613,-0.00231514999999982,0.055));
#4295=CARTESIAN_POINT('',(-0.037704799408613,-0.00231514999999982,0.035));
#4296=CARTESIAN_POINT('',(-0.0363681469328987,-0.00463029999999991,0.035));
#4297=CARTESIAN_POINT('',(-0.0363681469328987,-0.00463029999999991,0.0037394));
#4298=CARTESIAN_POINT('',(-0.0363681469328987,-0.00463029999999991,0.0325));
#4299=CARTESIAN_POINT('',(-0.0292810889132454,-0.0169054445662278,0.0325));
#4300=CARTESIAN_POINT('',(-0.022194030893592,-0.029180589132456,0.0325));
#4301=CARTESIAN_POINT('',(-0.022194030893592,-0.029180589132456,0.0037394));
#4302=CARTESIAN_POINT('',(-0.022194030893592,-0.029180589132456,0.035));
#4303=CARTESIAN_POINT('',(-0.037704799408613,-0.00231514999999982,0.035));
#4304=CARTESIAN_POINT('',(-0.0195207259421639,-0.0338108891324552,0.035));
#4305=CARTESIAN_POINT('',(-0.0195207259421639,-0.0338108891324552,0.055));
#4306=CARTESIAN_POINT('',(-0.0195207259421639,-0.0338108891324552,0.055));
#4307=CARTESIAN_POINT('',(-0.037704799408613,-0.00231514999999982,0.055));
#4308=CARTESIAN_POINT('',(-0.0168474209907347,-0.0338108891324552,0.055));
#4309=CARTESIAN_POINT('',(-0.0168474209907347,-0.0338108891324552,0.035));
#4310=CARTESIAN_POINT('',(-0.0141741160393055,-0.0338108891324554,0.035));
#4311=CARTESIAN_POINT('',(-0.0141741160393055,-0.0338108891324554,0.0037394));
#4312=CARTESIAN_POINT('',(-0.0141741160393055,-0.0338108891324554,0.0325));
#4313=CARTESIAN_POINT('',(6.70314778533938E-17,-0.0338108891324554,0.0325));
#4314=CARTESIAN_POINT('',(0.0141741160393059,-0.0338108891324554,0.0325));
#4315=CARTESIAN_POINT('',(0.0141741160393059,-0.0338108891324554,0.0037394));
#4316=CARTESIAN_POINT('',(0.0141741160393059,-0.0338108891324554,0.035));
#4317=CARTESIAN_POINT('',(-0.0168474209907347,-0.0338108891324552,0.035));
#4318=CARTESIAN_POINT('',(0.0195207259421635,-0.0338108891324555,0.035));
#4319=CARTESIAN_POINT('',(0.0195207259421635,-0.0338108891324555,0.055));
#4320=CARTESIAN_POINT('',(0.0195207259421635,-0.0338108891324555,0.055));
#4321=CARTESIAN_POINT('',(-0.0168474209907347,-0.0338108891324552,0.055));
#4322=CARTESIAN_POINT('',(0.0208573784178778,-0.0314957391324556,0.055));
#4323=CARTESIAN_POINT('',(0.0208573784178778,-0.0314957391324556,0.035));
#4324=CARTESIAN_POINT('',(0.0221940308935923,-0.0291805891324558,0.035));
#4325=CARTESIAN_POINT('',(0.0221940308935923,-0.0291805891324558,0.0037394));
#4326=CARTESIAN_POINT('',(0.0221940308935923,-0.0291805891324558,0.0325));
#4327=CARTESIAN_POINT('',(0.0292810889132456,-0.0169054445662277,0.0325));
#4328=CARTESIAN_POINT('',(0.0363681469328987,-0.00463030000000011,0.0325));
#4329=CARTESIAN_POINT('',(0.0363681469328987,-0.00463030000000011,0.0037394));
#4330=CARTESIAN_POINT('',(0.0363681469328987,-0.0046303000000001,0.035));
#4331=CARTESIAN_POINT('',(0.0208573784178778,-0.0314957391324556,0.035));
#4332=CARTESIAN_POINT('',(0.0208573784178778,-0.0314957391324556,0.055));
#4333=CARTESIAN_POINT('',(0.0157640466160754,-0.0115851081773032,0.055));
#4334=CARTESIAN_POINT('',(-0.0155,0.0155,0.055));
#4335=CARTESIAN_POINT('',(-0.0139,0.0155,0.055));
#4336=CARTESIAN_POINT('',(0.0155,0.0155,0.055));
#4337=CARTESIAN_POINT('',(0.0171,0.0155,0.055));
#4338=CARTESIAN_POINT('',(0.0155,-0.0155,0.055));
#4339=CARTESIAN_POINT('',(0.0171,-0.0155,0.055));
#4340=CARTESIAN_POINT('',(-0.0155,-0.0155,0.055));
#4341=CARTESIAN_POINT('',(-0.0139,-0.0155,0.055));
#4342=CARTESIAN_POINT('',(0.,-3.06161699786838E-19,0.055));
#4343=CARTESIAN_POINT('',(0.005,-3.06161699786838E-19,0.055));
#4344=CARTESIAN_POINT('',(0.,-6.93889390390723E-18,0.05));
#4345=CARTESIAN_POINT('',(-0.0155,0.0155,0.05));
#4346=CARTESIAN_POINT('',(-0.0139,0.0155,0.05));
#4347=CARTESIAN_POINT('',(0.0155,0.0155,0.05));
#4348=CARTESIAN_POINT('',(0.0171,0.0155,0.05));
#4349=CARTESIAN_POINT('',(0.0155,-0.0155,0.05));
#4350=CARTESIAN_POINT('',(0.0171,-0.0155,0.05));
#4351=CARTESIAN_POINT('',(-0.0155,-0.0155,0.05));
#4352=CARTESIAN_POINT('',(-0.0139,-0.0155,0.05));
#4353=CARTESIAN_POINT('',(0.,-3.06161699786838E-19,0.05));
#4354=CARTESIAN_POINT('',(-0.005,-3.06161699786838E-19,0.05));
#4355=CARTESIAN_POINT('',(0.,-3.06161699786838E-19,0.075));
#4356=CARTESIAN_POINT('',(0.,1.38777878078145E-17,0.035));
#4357=CARTESIAN_POINT('',(0.,0.0651316701949487,0.035));
#4358=CARTESIAN_POINT('',(0.06,0.0651316701949487,0.035));
#4359=CARTESIAN_POINT('',(-0.06,0.0651316701949487,0.035));
#4360=CARTESIAN_POINT('',(-0.06,0.0601316701949487,0.035));
#4361=CARTESIAN_POINT('',(-0.065,0.0601316701949487,0.035));
#4362=CARTESIAN_POINT('',(-0.065,0.,0.035));
#4363=CARTESIAN_POINT('',(-0.065,-0.0601316701949487,0.035));
#4364=CARTESIAN_POINT('',(-0.06,-0.0601316701949487,0.035));
#4365=CARTESIAN_POINT('',(-0.06,-0.0651316701949487,0.035));
#4366=CARTESIAN_POINT('',(0.,-0.0651316701949487,0.035));
#4367=CARTESIAN_POINT('',(0.06,-0.0651316701949487,0.035));
#4368=CARTESIAN_POINT('',(0.06,-0.0601316701949487,0.035));
#4369=CARTESIAN_POINT('',(0.065,-0.0601316701949487,0.035));
#4370=CARTESIAN_POINT('',(0.065,0.,0.035));
#4371=CARTESIAN_POINT('',(0.065,0.0601316701949487,0.035));
#4372=CARTESIAN_POINT('',(0.06,0.0601316701949487,0.035));
#4373=CARTESIAN_POINT('',(-0.05875,0.02,0.035));
#4374=CARTESIAN_POINT('',(-0.06211,0.02,0.035));
#4375=CARTESIAN_POINT('',(0.05875,-0.02,0.035));
#4376=CARTESIAN_POINT('',(0.05539,-0.02,0.035));
#4377=CARTESIAN_POINT('',(-0.05875,-0.02,0.035));
#4378=CARTESIAN_POINT('',(-0.06211,-0.02,0.035));
#4379=CARTESIAN_POINT('',(-0.06,0.0601316701949487,0.035));
#4380=CARTESIAN_POINT('',(-0.06336,0.0601316701949487,0.035));
#4381=CARTESIAN_POINT('',(-0.0366666666666667,0.0601316701949486,0.035));
#4382=CARTESIAN_POINT('',(-0.0400266666666667,0.0601316701949486,0.035));
#4383=CARTESIAN_POINT('',(0.0366666666666667,0.0601316701949487,0.035));
#4384=CARTESIAN_POINT('',(0.0333066666666667,0.0601316701949487,0.035));
#4385=CARTESIAN_POINT('',(0.05875,0.02,0.035));
#4386=CARTESIAN_POINT('',(0.05539,0.02,0.035));
#4387=CARTESIAN_POINT('',(0.0366666666666667,-0.0601316701949487,0.035));
#4388=CARTESIAN_POINT('',(0.0333066666666667,-0.0601316701949487,0.035));
#4389=CARTESIAN_POINT('',(-0.0366666666666667,-0.0601316701949487,0.035));
#4390=CARTESIAN_POINT('',(-0.0400266666666667,-0.0601316701949487,0.035));
#4391=CARTESIAN_POINT('',(-0.06,-0.0601316701949487,0.035));
#4392=CARTESIAN_POINT('',(-0.06336,-0.0601316701949487,0.035));
#4393=CARTESIAN_POINT('',(0.06,-0.0601316701949487,0.035));
#4394=CARTESIAN_POINT('',(0.05664,-0.0601316701949487,0.035));
#4395=CARTESIAN_POINT('',(0.06,0.0601316701949487,0.035));
#4396=CARTESIAN_POINT('',(0.05664,0.0601316701949487,0.035));
#4397=CARTESIAN_POINT('',(0.0241517679213879,0.0303108891324556,0.035));
#4398=CARTESIAN_POINT('',(0.0221940308935928,0.0314411891324557,0.035));
#4399=CARTESIAN_POINT('',(0.00303108891324571,-0.00175000000000009,0.035));
#4400=CARTESIAN_POINT('',(0.0338773972517097,0.0516773732681551,0.035));
#4401=CARTESIAN_POINT('',(0.0358351342795048,0.0505470732681551,0.035));
#4402=CARTESIAN_POINT('',(0.0360305235602585,0.0527992134478434,0.035));
#4403=CARTESIAN_POINT('',(0.0366666666666667,0.0601316701949487,0.035));
#4404=CARTESIAN_POINT('',(0.0428239473510352,0.0560996118404723,0.035));
#4405=CARTESIAN_POINT('',(0.0447151360351498,0.0548611782649113,0.035));
#4406=CARTESIAN_POINT('',(0.0447151360351498,0.0571217782649113,0.035));
#4407=CARTESIAN_POINT('',(-1.3589552879408E-16,0.0571217782649112,0.035));
#4408=CARTESIAN_POINT('',(0.0519515306315169,0.0571217782649113,0.035));
#4409=CARTESIAN_POINT('',(0.0519515306315169,0.0548611782649113,0.035));
#4410=CARTESIAN_POINT('',(0.0538427193156315,0.0560996118404724,0.035));
#4411=CARTESIAN_POINT('',(0.06,0.0601316701949487,0.035));
#4412=CARTESIAN_POINT('',(0.0590356094214498,0.0528351264369764,0.035));
#4413=CARTESIAN_POINT('',(0.0587394,0.0505940168147927,0.035));
#4414=CARTESIAN_POINT('',(0.061,0.0505940168147927,0.035));
#4415=CARTESIAN_POINT('',(0.061,1.38777878078145E-17,0.035));
#4416=CARTESIAN_POINT('',(0.061,0.0296205941604456,0.035));
#4417=CARTESIAN_POINT('',(0.0587394,0.0296205941604456,0.035));
#4418=CARTESIAN_POINT('',(0.0587418907344657,0.0273599955325946,0.035));
#4419=CARTESIAN_POINT('',(0.05875,0.02,0.035));
#4420=CARTESIAN_POINT('',(0.0587418907344657,0.0126400044674054,0.035));
#4421=CARTESIAN_POINT('',(0.0587394,0.0103794058395544,0.035));
#4422=CARTESIAN_POINT('',(0.061,0.0103794058395544,0.035));
#4423=CARTESIAN_POINT('',(0.061,1.38777878078145E-17,0.035));
#4424=CARTESIAN_POINT('',(0.061,0.0057606,0.035));
#4425=CARTESIAN_POINT('',(0.0587394,0.0057606,0.035));
#4426=CARTESIAN_POINT('',(0.0587394,0.00349999999999994,0.035));
#4427=CARTESIAN_POINT('',(-7.97972798949285E-18,0.00349999999999981,0.035));
#4428=CARTESIAN_POINT('',(0.0383258839606945,0.0034999999999999,0.035));
#4429=CARTESIAN_POINT('',(0.0383258839606945,0.0057605999999999,0.035));
#4430=CARTESIAN_POINT('',(0.0383258839606938,-0.0057606000000001,0.035));
#4431=CARTESIAN_POINT('',(0.0383258839606938,-0.0035000000000001,0.035));
#4432=CARTESIAN_POINT('',(7.97972798949378E-18,-0.00350000000000019,0.035));
#4433=CARTESIAN_POINT('',(0.0587394,-0.00350000000000006,0.035));
#4434=CARTESIAN_POINT('',(0.0587394,-0.0057606,0.035));
#4435=CARTESIAN_POINT('',(0.061,-0.0057606,0.035));
#4436=CARTESIAN_POINT('',(0.061,1.38777878078145E-17,0.035));
#4437=CARTESIAN_POINT('',(0.061,-0.0103794058395544,0.035));
#4438=CARTESIAN_POINT('',(0.0587394,-0.0103794058395544,0.035));
#4439=CARTESIAN_POINT('',(0.0587418907344657,-0.0126400044674054,0.035));
#4440=CARTESIAN_POINT('',(0.05875,-0.02,0.035));
#4441=CARTESIAN_POINT('',(0.0587418907344657,-0.0273599955325946,0.035));
#4442=CARTESIAN_POINT('',(0.0587394,-0.0296205941604456,0.035));
#4443=CARTESIAN_POINT('',(0.061,-0.0296205941604456,0.035));
#4444=CARTESIAN_POINT('',(0.061,1.38777878078145E-17,0.035));
#4445=CARTESIAN_POINT('',(0.061,-0.0505940168147927,0.035));
#4446=CARTESIAN_POINT('',(0.0587394,-0.0505940168147927,0.035));
#4447=CARTESIAN_POINT('',(0.0590356094214498,-0.0528351264369764,0.035));
#4448=CARTESIAN_POINT('',(0.06,-0.0601316701949487,0.035));
#4449=CARTESIAN_POINT('',(0.0538427193156317,-0.056099611840472,0.035));
#4450=CARTESIAN_POINT('',(0.0519515306315172,-0.0548611782649109,0.035));
#4451=CARTESIAN_POINT('',(0.0519515306315172,-0.0571217782649109,0.035));
#4452=CARTESIAN_POINT('',(1.35895528794079E-16,-0.057121778264911,0.035));
#4453=CARTESIAN_POINT('',(0.0447151360351495,-0.0571217782649109,0.035));
#4454=CARTESIAN_POINT('',(0.0447151360351495,-0.0548611782649109,0.035));
#4455=CARTESIAN_POINT('',(0.0428239473510349,-0.056099611840472,0.035));
#4456=CARTESIAN_POINT('',(0.0366666666666667,-0.0601316701949487,0.035));
#4457=CARTESIAN_POINT('',(0.0360305235602581,-0.0527992134478435,0.035));
#4458=CARTESIAN_POINT('',(0.0358351342795043,-0.0505470732681551,0.035));
#4459=CARTESIAN_POINT('',(0.0338773972517092,-0.0516773732681551,0.035));
#4460=CARTESIAN_POINT('',(0.00303108891324516,0.00174999999999981,0.035));
#4461=CARTESIAN_POINT('',(0.0221940308935923,-0.0314411891324558,0.035));
#4462=CARTESIAN_POINT('',(0.0241517679213874,-0.0303108891324558,0.035));
#4463=CARTESIAN_POINT('',(0.0141741160393059,-0.0360714891324554,0.035));
#4464=CARTESIAN_POINT('',(0.016131853067101,-0.0349411891324554,0.035));
#4465=CARTESIAN_POINT('',(-0.0030310889132459,-0.0017500000000002,0.035));
#4466=CARTESIAN_POINT('',(0.029129184043393,-0.0574532267461819,0.035));
#4467=CARTESIAN_POINT('',(0.027171447015598,-0.0585835267461819,0.035));
#4468=CARTESIAN_POINT('',(0.0294025857744286,-0.0589473016750099,0.035));
#4469=CARTESIAN_POINT('',(0.0366666666666667,-0.0601316701949487,0.035));
#4470=CARTESIAN_POINT('',(0.0293701229086944,-0.0591672796163985,0.035));
#4471=CARTESIAN_POINT('',(0.0271290132865107,-0.0588710701949487,0.035));
#4472=CARTESIAN_POINT('',(0.0271290132865107,-0.0611316701949487,0.035));
#4473=CARTESIAN_POINT('',(0.,-0.0611316701949487,0.035));
#4474=CARTESIAN_POINT('',(-0.0271290132865107,-0.0611316701949487,0.035));
#4475=CARTESIAN_POINT('',(-0.0271290132865107,-0.0588710701949487,0.035));
#4476=CARTESIAN_POINT('',(-0.0293701229086944,-0.0591672796163985,0.035));
#4477=CARTESIAN_POINT('',(-0.0366666666666667,-0.0601316701949487,0.035));
#4478=CARTESIAN_POINT('',(-0.0294025857744285,-0.0589473016750104,0.035));
#4479=CARTESIAN_POINT('',(-0.0271714470155979,-0.0585835267461827,0.035));
#4480=CARTESIAN_POINT('',(-0.0291291840433929,-0.0574532267461827,0.035));
#4481=CARTESIAN_POINT('',(0.00303108891324606,-0.00175000000000028,0.035));
#4482=CARTESIAN_POINT('',(-0.0161318530671006,-0.0349411891324554,0.035));
#4483=CARTESIAN_POINT('',(-0.0141741160393055,-0.0360714891324554,0.035));
#4484=CARTESIAN_POINT('',(-0.0241517679213871,-0.0303108891324559,0.035));
#4485=CARTESIAN_POINT('',(-0.022194030893592,-0.031441189132456,0.035));
#4486=CARTESIAN_POINT('',(-0.00303108891324502,0.00174999999999971,0.035));
#4487=CARTESIAN_POINT('',(-0.0338773972517087,-0.0516773732681552,0.035));
#4488=CARTESIAN_POINT('',(-0.0358351342795038,-0.0505470732681552,0.035));
#4489=CARTESIAN_POINT('',(-0.0360305235602577,-0.0527992134478435,0.035));
#4490=CARTESIAN_POINT('',(-0.0366666666666667,-0.0601316701949487,0.035));
#4491=CARTESIAN_POINT('',(-0.0428239473510348,-0.0560996118404719,0.035));
#4492=CARTESIAN_POINT('',(-0.0447151360351494,-0.0548611782649107,0.035));
#4493=CARTESIAN_POINT('',(-0.0447151360351494,-0.0571217782649107,0.035));
#4494=CARTESIAN_POINT('',(1.13246273995065E-16,-0.0571217782649107,0.035));
#4495=CARTESIAN_POINT('',(-0.0519515306315172,-0.0571217782649108,0.035));
#4496=CARTESIAN_POINT('',(-0.0519515306315172,-0.0548611782649108,0.035));
#4497=CARTESIAN_POINT('',(-0.0538427193156318,-0.0560996118404719,0.035));
#4498=CARTESIAN_POINT('',(-0.06,-0.0601316701949487,0.035));
#4499=CARTESIAN_POINT('',(-0.0590356094214498,-0.0528351264369764,0.035));
#4500=CARTESIAN_POINT('',(-0.0587394,-0.0505940168147927,0.035));
#4501=CARTESIAN_POINT('',(-0.061,-0.0505940168147927,0.035));
#4502=CARTESIAN_POINT('',(-0.061,1.38777878078145E-17,0.035));
#4503=CARTESIAN_POINT('',(-0.061,-0.0296205941604456,0.035));
#4504=CARTESIAN_POINT('',(-0.0587394,-0.0296205941604456,0.035));
#4505=CARTESIAN_POINT('',(-0.0587418907344657,-0.0273599955325946,0.035));
#4506=CARTESIAN_POINT('',(-0.05875,-0.02,0.035));
#4507=CARTESIAN_POINT('',(-0.0587418907344657,-0.0126400044674054,0.035));
#4508=CARTESIAN_POINT('',(-0.0587394,-0.0103794058395544,0.035));
#4509=CARTESIAN_POINT('',(-0.061,-0.0103794058395544,0.035));
#4510=CARTESIAN_POINT('',(-0.061,1.38777878078145E-17,0.035));
#4511=CARTESIAN_POINT('',(-0.061,-0.0057606,0.035));
#4512=CARTESIAN_POINT('',(-0.0587394,-0.0057606,0.035));
#4513=CARTESIAN_POINT('',(-0.0587394,-0.00349999999999995,0.035));
#4514=CARTESIAN_POINT('',(6.93889390390694E-18,-0.00349999999999984,0.035));
#4515=CARTESIAN_POINT('',(-0.0383258839606938,-0.00349999999999992,0.035));
#4516=CARTESIAN_POINT('',(-0.0383258839606938,-0.00576059999999991,0.035));
#4517=CARTESIAN_POINT('',(-0.0383258839606929,0.00576060000000008,0.035));
#4518=CARTESIAN_POINT('',(-0.0383258839606929,0.00350000000000009,0.035));
#4519=CARTESIAN_POINT('',(-6.93889390390752E-18,0.00350000000000016,0.035));
#4520=CARTESIAN_POINT('',(-0.0587394,0.00350000000000005,0.035));
#4521=CARTESIAN_POINT('',(-0.0587394,0.0057606,0.035));
#4522=CARTESIAN_POINT('',(-0.061,0.0057606,0.035));
#4523=CARTESIAN_POINT('',(-0.061,1.38777878078145E-17,0.035));
#4524=CARTESIAN_POINT('',(-0.061,0.0103794058395544,0.035));
#4525=CARTESIAN_POINT('',(-0.0587394,0.0103794058395544,0.035));
#4526=CARTESIAN_POINT('',(-0.0587418907344657,0.0126400044674054,0.035));
#4527=CARTESIAN_POINT('',(-0.05875,0.02,0.035));
#4528=CARTESIAN_POINT('',(-0.0587418907344657,0.0273599955325946,0.035));
#4529=CARTESIAN_POINT('',(-0.0587394,0.0296205941604456,0.035));
#4530=CARTESIAN_POINT('',(-0.061,0.0296205941604456,0.035));
#4531=CARTESIAN_POINT('',(-0.061,1.38777878078145E-17,0.035));
#4532=CARTESIAN_POINT('',(-0.061,0.0505940168147927,0.035));
#4533=CARTESIAN_POINT('',(-0.0587394,0.0505940168147927,0.035));
#4534=CARTESIAN_POINT('',(-0.0590356094214498,0.0528351264369764,0.035));
#4535=CARTESIAN_POINT('',(-0.06,0.0601316701949487,0.035));
#4536=CARTESIAN_POINT('',(-0.0538427193156317,0.056099611840472,0.035));
#4537=CARTESIAN_POINT('',(-0.0519515306315172,0.0548611782649108,0.035));
#4538=CARTESIAN_POINT('',(-0.0519515306315172,0.0571217782649108,0.035));
#4539=CARTESIAN_POINT('',(-1.13246273995066E-16,0.0571217782649109,0.035));
#4540=CARTESIAN_POINT('',(-0.0447151360351496,0.0571217782649109,0.035));
#4541=CARTESIAN_POINT('',(-0.0447151360351495,0.0548611782649109,0.035));
#4542=CARTESIAN_POINT('',(-0.042823947351035,0.056099611840472,0.035));
#4543=CARTESIAN_POINT('',(-0.0366666666666667,0.0601316701949486,0.035));
#4544=CARTESIAN_POINT('',(-0.0360305235602582,0.0527992134478434,0.035));
#4545=CARTESIAN_POINT('',(-0.0358351342795045,0.0505470732681551,0.035));
#4546=CARTESIAN_POINT('',(-0.0338773972517094,0.0516773732681551,0.035));
#4547=CARTESIAN_POINT('',(-0.00303108891324537,-0.0017499999999999,0.035));
#4548=CARTESIAN_POINT('',(-0.022194030893592,0.0314411891324549,0.035));
#4549=CARTESIAN_POINT('',(-0.0241517679213871,0.0303108891324548,0.035));
#4550=CARTESIAN_POINT('',(-0.0141741160393061,0.0360714891324554,0.035));
#4551=CARTESIAN_POINT('',(-0.0161318530671012,0.0349411891324553,0.035));
#4552=CARTESIAN_POINT('',(0.0030310889132457,0.00175000000000011,0.035));
#4553=CARTESIAN_POINT('',(-0.0291291840433931,0.0574532267461817,0.035));
#4554=CARTESIAN_POINT('',(-0.0271714470155981,0.0585835267461817,0.035));
#4555=CARTESIAN_POINT('',(-0.0294025857744287,0.0589473016750097,0.035));
#4556=CARTESIAN_POINT('',(-0.0366666666666667,0.0601316701949486,0.035));
#4557=CARTESIAN_POINT('',(-0.0293701229086945,0.0591672796163985,0.035));
#4558=CARTESIAN_POINT('',(-0.0271290132865107,0.0588710701949487,0.035));
#4559=CARTESIAN_POINT('',(-0.0271290132865107,0.0611316701949487,0.035));
#4560=CARTESIAN_POINT('',(0.,0.0611316701949487,0.035));
#4561=CARTESIAN_POINT('',(0.0271290132865107,0.0611316701949487,0.035));
#4562=CARTESIAN_POINT('',(0.0271290132865107,0.0588710701949487,0.035));
#4563=CARTESIAN_POINT('',(0.0293701229086945,0.0591672796163985,0.035));
#4564=CARTESIAN_POINT('',(0.0366666666666667,0.0601316701949487,0.035));
#4565=CARTESIAN_POINT('',(0.0294025857744287,0.0589473016750093,0.035));
#4566=CARTESIAN_POINT('',(0.0271714470155981,0.0585835267461812,0.035));
#4567=CARTESIAN_POINT('',(0.0291291840433932,0.0574532267461812,0.035));
#4568=CARTESIAN_POINT('',(-0.00303108891324536,0.00174999999999992,0.035));
#4569=CARTESIAN_POINT('',(0.0161318530671016,0.0349411891324554,0.035));
#4570=CARTESIAN_POINT('',(0.0141741160393065,0.0360714891324554,0.035));
#4571=CARTESIAN_POINT('',(0.,0.,0.0325));
#4572=CARTESIAN_POINT('',(0.0383258839606945,0.0057605999999999,0.0325));
#4573=CARTESIAN_POINT('',(0.0383258839606945,0.0034999999999999,0.0325));
#4574=CARTESIAN_POINT('',(-7.97972798949289E-18,0.00349999999999981,0.0325));
#4575=CARTESIAN_POINT('',(0.0587394,0.00349999999999994,0.0325));
#4576=CARTESIAN_POINT('',(0.0587394,0.0057606,0.0325));
#4577=CARTESIAN_POINT('',(0.061,0.0057606,0.0325));
#4578=CARTESIAN_POINT('',(0.061,0.,0.0325));
#4579=CARTESIAN_POINT('',(0.061,0.0103794058395544,0.0325));
#4580=CARTESIAN_POINT('',(0.0587394,0.0103794058395544,0.0325));
#4581=CARTESIAN_POINT('',(0.0587418907344657,0.0126400044674054,0.0325));
#4582=CARTESIAN_POINT('',(0.05875,0.02,0.0325));
#4583=CARTESIAN_POINT('',(0.0587418907344657,0.0273599955325946,0.0325));
#4584=CARTESIAN_POINT('',(0.0587394,0.0296205941604456,0.0325));
#4585=CARTESIAN_POINT('',(0.061,0.0296205941604456,0.0325));
#4586=CARTESIAN_POINT('',(0.061,0.,0.0325));
#4587=CARTESIAN_POINT('',(0.061,0.0505940168147927,0.0325));
#4588=CARTESIAN_POINT('',(0.0587394,0.0505940168147927,0.0325));
#4589=CARTESIAN_POINT('',(0.0590356094214498,0.0528351264369764,0.0325));
#4590=CARTESIAN_POINT('',(0.06,0.0601316701949487,0.0325));
#4591=CARTESIAN_POINT('',(0.0538427193156315,0.0560996118404724,0.0325));
#4592=CARTESIAN_POINT('',(0.0519515306315169,0.0548611782649113,0.0325));
#4593=CARTESIAN_POINT('',(0.0519515306315169,0.0571217782649113,0.0325));
#4594=CARTESIAN_POINT('',(-1.3589552879408E-16,0.0571217782649112,0.0325));
#4595=CARTESIAN_POINT('',(0.0447151360351498,0.0571217782649113,0.0325));
#4596=CARTESIAN_POINT('',(0.0447151360351498,0.0548611782649113,0.0325));
#4597=CARTESIAN_POINT('',(0.0428239473510352,0.0560996118404723,0.0325));
#4598=CARTESIAN_POINT('',(0.0366666666666667,0.0601316701949487,0.0325));
#4599=CARTESIAN_POINT('',(0.0360305235602585,0.0527992134478434,0.0325));
#4600=CARTESIAN_POINT('',(0.0358351342795048,0.0505470732681551,0.0325));
#4601=CARTESIAN_POINT('',(0.0338773972517097,0.0516773732681551,0.0325));
#4602=CARTESIAN_POINT('',(0.00303108891324571,-0.0017500000000001,0.0325));
#4603=CARTESIAN_POINT('',(0.0221940308935928,0.0314411891324557,0.0325));
#4604=CARTESIAN_POINT('',(0.0241517679213879,0.0303108891324556,0.0325));
#4605=CARTESIAN_POINT('',(0.0241517679213874,-0.0303108891324558,0.0325));
#4606=CARTESIAN_POINT('',(0.0221940308935923,-0.0314411891324558,0.0325));
#4607=CARTESIAN_POINT('',(0.00303108891324517,0.0017499999999998,0.0325));
#4608=CARTESIAN_POINT('',(0.0338773972517092,-0.0516773732681551,0.0325));
#4609=CARTESIAN_POINT('',(0.0358351342795043,-0.0505470732681551,0.0325));
#4610=CARTESIAN_POINT('',(0.0360305235602581,-0.0527992134478435,0.0325));
#4611=CARTESIAN_POINT('',(0.0366666666666667,-0.0601316701949487,0.0325));
#4612=CARTESIAN_POINT('',(0.0428239473510349,-0.056099611840472,0.0325));
#4613=CARTESIAN_POINT('',(0.0447151360351495,-0.0548611782649109,0.0325));
#4614=CARTESIAN_POINT('',(0.0447151360351495,-0.0571217782649109,0.0325));
#4615=CARTESIAN_POINT('',(1.35895528794079E-16,-0.057121778264911,0.0325));
#4616=CARTESIAN_POINT('',(0.0519515306315172,-0.0571217782649109,0.0325));
#4617=CARTESIAN_POINT('',(0.0519515306315172,-0.0548611782649109,0.0325));
#4618=CARTESIAN_POINT('',(0.0538427193156317,-0.056099611840472,0.0325));
#4619=CARTESIAN_POINT('',(0.06,-0.0601316701949487,0.0325));
#4620=CARTESIAN_POINT('',(0.0590356094214498,-0.0528351264369764,0.0325));
#4621=CARTESIAN_POINT('',(0.0587394,-0.0505940168147927,0.0325));
#4622=CARTESIAN_POINT('',(0.061,-0.0505940168147927,0.0325));
#4623=CARTESIAN_POINT('',(0.061,0.,0.0325));
#4624=CARTESIAN_POINT('',(0.061,-0.0296205941604456,0.0325));
#4625=CARTESIAN_POINT('',(0.0587394,-0.0296205941604456,0.0325));
#4626=CARTESIAN_POINT('',(0.0587418907344657,-0.0273599955325946,0.0325));
#4627=CARTESIAN_POINT('',(0.05875,-0.02,0.0325));
#4628=CARTESIAN_POINT('',(0.0587418907344657,-0.0126400044674054,0.0325));
#4629=CARTESIAN_POINT('',(0.0587394,-0.0103794058395544,0.0325));
#4630=CARTESIAN_POINT('',(0.061,-0.0103794058395544,0.0325));
#4631=CARTESIAN_POINT('',(0.061,0.,0.0325));
#4632=CARTESIAN_POINT('',(0.061,-0.0057606,0.0325));
#4633=CARTESIAN_POINT('',(0.0587394,-0.0057606,0.0325));
#4634=CARTESIAN_POINT('',(0.0587394,-0.00350000000000006,0.0325));
#4635=CARTESIAN_POINT('',(7.97972798949375E-18,-0.00350000000000019,0.0325));
#4636=CARTESIAN_POINT('',(0.0383258839606938,-0.0035000000000001,0.0325));
#4637=CARTESIAN_POINT('',(0.0383258839606938,-0.0057606000000001,0.0325));
#4638=CARTESIAN_POINT('',(0.0141741160393065,0.0360714891324554,0.0325));
#4639=CARTESIAN_POINT('',(0.0161318530671016,0.0349411891324554,0.0325));
#4640=CARTESIAN_POINT('',(-0.00303108891324537,0.0017499999999999,0.0325));
#4641=CARTESIAN_POINT('',(0.0291291840433932,0.0574532267461812,0.0325));
#4642=CARTESIAN_POINT('',(0.0271714470155981,0.0585835267461812,0.0325));
#4643=CARTESIAN_POINT('',(0.0294025857744287,0.0589473016750093,0.0325));
#4644=CARTESIAN_POINT('',(0.0366666666666667,0.0601316701949487,0.0325));
#4645=CARTESIAN_POINT('',(0.0293701229086945,0.0591672796163985,0.0325));
#4646=CARTESIAN_POINT('',(0.0271290132865107,0.0588710701949487,0.0325));
#4647=CARTESIAN_POINT('',(0.0271290132865107,0.0611316701949487,0.0325));
#4648=CARTESIAN_POINT('',(0.,0.0611316701949487,0.0325));
#4649=CARTESIAN_POINT('',(-0.0271290132865107,0.0611316701949487,0.0325));
#4650=CARTESIAN_POINT('',(-0.0271290132865107,0.0588710701949487,0.0325));
#4651=CARTESIAN_POINT('',(-0.0293701229086945,0.0591672796163985,0.0325));
#4652=CARTESIAN_POINT('',(-0.0366666666666667,0.0601316701949486,0.0325));
#4653=CARTESIAN_POINT('',(-0.0294025857744287,0.0589473016750097,0.0325));
#4654=CARTESIAN_POINT('',(-0.0271714470155981,0.0585835267461817,0.0325));
#4655=CARTESIAN_POINT('',(-0.0291291840433931,0.0574532267461817,0.0325));
#4656=CARTESIAN_POINT('',(0.0030310889132457,0.0017500000000001,0.0325));
#4657=CARTESIAN_POINT('',(-0.0161318530671012,0.0349411891324553,0.0325));
#4658=CARTESIAN_POINT('',(-0.0141741160393061,0.0360714891324554,0.0325));
#4659=CARTESIAN_POINT('',(-0.0141741160393055,-0.0360714891324554,0.0325));
#4660=CARTESIAN_POINT('',(-0.0161318530671006,-0.0349411891324554,0.0325));
#4661=CARTESIAN_POINT('',(0.00303108891324606,-0.00175000000000029,0.0325));
#4662=CARTESIAN_POINT('',(-0.0291291840433929,-0.0574532267461827,0.0325));
#4663=CARTESIAN_POINT('',(-0.0271714470155979,-0.0585835267461827,0.0325));
#4664=CARTESIAN_POINT('',(-0.0294025857744285,-0.0589473016750104,0.0325));
#4665=CARTESIAN_POINT('',(-0.0366666666666667,-0.0601316701949487,0.0325));
#4666=CARTESIAN_POINT('',(-0.0293701229086944,-0.0591672796163985,0.0325));
#4667=CARTESIAN_POINT('',(-0.0271290132865107,-0.0588710701949487,0.0325));
#4668=CARTESIAN_POINT('',(-0.0271290132865107,-0.0611316701949487,0.0325));
#4669=CARTESIAN_POINT('',(0.,-0.0611316701949487,0.0325));
#4670=CARTESIAN_POINT('',(0.0271290132865107,-0.0611316701949487,0.0325));
#4671=CARTESIAN_POINT('',(0.0271290132865107,-0.0588710701949487,0.0325));
#4672=CARTESIAN_POINT('',(0.0293701229086944,-0.0591672796163985,0.0325));
#4673=CARTESIAN_POINT('',(0.0366666666666667,-0.0601316701949487,0.0325));
#4674=CARTESIAN_POINT('',(0.0294025857744286,-0.0589473016750099,0.0325));
#4675=CARTESIAN_POINT('',(0.027171447015598,-0.0585835267461819,0.0325));
#4676=CARTESIAN_POINT('',(0.029129184043393,-0.0574532267461819,0.0325));
#4677=CARTESIAN_POINT('',(-0.00303108891324589,-0.00175000000000022,0.0325));
#4678=CARTESIAN_POINT('',(0.016131853067101,-0.0349411891324554,0.0325));
#4679=CARTESIAN_POINT('',(0.0141741160393059,-0.0360714891324554,0.0325));
#4680=CARTESIAN_POINT('',(0.06,0.0601316701949487,0.0325));
#4681=CARTESIAN_POINT('',(0.0616,0.0601316701949487,0.0325));
#4682=CARTESIAN_POINT('',(0.06,-0.0601316701949487,0.0325));
#4683=CARTESIAN_POINT('',(0.0616,-0.0601316701949487,0.0325));
#4684=CARTESIAN_POINT('',(-0.06,-0.0601316701949487,0.0325));
#4685=CARTESIAN_POINT('',(-0.0584,-0.0601316701949487,0.0325));
#4686=CARTESIAN_POINT('',(-0.0366666666666667,-0.0601316701949487,0.0325));
#4687=CARTESIAN_POINT('',(-0.0350666666666667,-0.0601316701949487,0.0325));
#4688=CARTESIAN_POINT('',(0.0366666666666667,-0.0601316701949487,0.0325));
#4689=CARTESIAN_POINT('',(0.0382666666666667,-0.0601316701949487,0.0325));
#4690=CARTESIAN_POINT('',(0.05875,0.02,0.0325));
#4691=CARTESIAN_POINT('',(0.06035,0.02,0.0325));
#4692=CARTESIAN_POINT('',(0.0366666666666667,0.0601316701949487,0.0325));
#4693=CARTESIAN_POINT('',(0.0382666666666667,0.0601316701949487,0.0325));
#4694=CARTESIAN_POINT('',(-0.0366666666666667,0.0601316701949486,0.0325));
#4695=CARTESIAN_POINT('',(-0.0350666666666667,0.0601316701949486,0.0325));
#4696=CARTESIAN_POINT('',(-0.06,0.0601316701949487,0.0325));
#4697=CARTESIAN_POINT('',(-0.0584,0.0601316701949487,0.0325));
#4698=CARTESIAN_POINT('',(-0.05875,-0.02,0.0325));
#4699=CARTESIAN_POINT('',(-0.05715,-0.02,0.0325));
#4700=CARTESIAN_POINT('',(0.05875,-0.02,0.0325));
#4701=CARTESIAN_POINT('',(0.06035,-0.02,0.0325));
#4702=CARTESIAN_POINT('',(-0.05875,0.02,0.0325));
#4703=CARTESIAN_POINT('',(-0.05715,0.02,0.0325));
#4704=CARTESIAN_POINT('',(0.,0.0651316701949487,0.0325));
#4705=CARTESIAN_POINT('',(-0.06,0.0651316701949487,0.0325));
#4706=CARTESIAN_POINT('',(0.06,0.0651316701949487,0.0325));
#4707=CARTESIAN_POINT('',(0.06,0.0601316701949487,0.0325));
#4708=CARTESIAN_POINT('',(0.065,0.0601316701949487,0.0325));
#4709=CARTESIAN_POINT('',(0.065,0.,0.0325));
#4710=CARTESIAN_POINT('',(0.065,-0.0601316701949487,0.0325));
#4711=CARTESIAN_POINT('',(0.06,-0.0601316701949487,0.0325));
#4712=CARTESIAN_POINT('',(0.06,-0.0651316701949487,0.0325));
#4713=CARTESIAN_POINT('',(0.,-0.0651316701949487,0.0325));
#4714=CARTESIAN_POINT('',(-0.06,-0.0651316701949487,0.0325));
#4715=CARTESIAN_POINT('',(-0.06,-0.0601316701949487,0.0325));
#4716=CARTESIAN_POINT('',(-0.065,-0.0601316701949487,0.0325));
#4717=CARTESIAN_POINT('',(-0.065,0.,0.0325));
#4718=CARTESIAN_POINT('',(-0.065,0.0601316701949487,0.0325));
#4719=CARTESIAN_POINT('',(-0.06,0.0601316701949487,0.0325));
#4720=CARTESIAN_POINT('',(-0.0383258839606938,-0.00576059999999991,0.0325));
#4721=CARTESIAN_POINT('',(-0.0383258839606938,-0.00349999999999992,0.0325));
#4722=CARTESIAN_POINT('',(6.93889390390691E-18,-0.00349999999999984,0.0325));
#4723=CARTESIAN_POINT('',(-0.0587394,-0.00349999999999995,0.0325));
#4724=CARTESIAN_POINT('',(-0.0587394,-0.0057606,0.0325));
#4725=CARTESIAN_POINT('',(-0.061,-0.0057606,0.0325));
#4726=CARTESIAN_POINT('',(-0.061,0.,0.0325));
#4727=CARTESIAN_POINT('',(-0.061,-0.0103794058395544,0.0325));
#4728=CARTESIAN_POINT('',(-0.0587394,-0.0103794058395544,0.0325));
#4729=CARTESIAN_POINT('',(-0.0587418907344657,-0.0126400044674054,0.0325));
#4730=CARTESIAN_POINT('',(-0.05875,-0.02,0.0325));
#4731=CARTESIAN_POINT('',(-0.0587418907344657,-0.0273599955325946,0.0325));
#4732=CARTESIAN_POINT('',(-0.0587394,-0.0296205941604456,0.0325));
#4733=CARTESIAN_POINT('',(-0.061,-0.0296205941604456,0.0325));
#4734=CARTESIAN_POINT('',(-0.061,0.,0.0325));
#4735=CARTESIAN_POINT('',(-0.061,-0.0505940168147927,0.0325));
#4736=CARTESIAN_POINT('',(-0.0587394,-0.0505940168147927,0.0325));
#4737=CARTESIAN_POINT('',(-0.0590356094214498,-0.0528351264369764,0.0325));
#4738=CARTESIAN_POINT('',(-0.06,-0.0601316701949487,0.0325));
#4739=CARTESIAN_POINT('',(-0.0538427193156318,-0.0560996118404719,0.0325));
#4740=CARTESIAN_POINT('',(-0.0519515306315172,-0.0548611782649108,0.0325));
#4741=CARTESIAN_POINT('',(-0.0519515306315172,-0.0571217782649108,0.0325));
#4742=CARTESIAN_POINT('',(1.13246273995065E-16,-0.0571217782649107,0.0325));
#4743=CARTESIAN_POINT('',(-0.0447151360351494,-0.0571217782649107,0.0325));
#4744=CARTESIAN_POINT('',(-0.0447151360351494,-0.0548611782649107,0.0325));
#4745=CARTESIAN_POINT('',(-0.0428239473510348,-0.0560996118404719,0.0325));
#4746=CARTESIAN_POINT('',(-0.0366666666666667,-0.0601316701949487,0.0325));
#4747=CARTESIAN_POINT('',(-0.0360305235602577,-0.0527992134478435,0.0325));
#4748=CARTESIAN_POINT('',(-0.0358351342795038,-0.0505470732681552,0.0325));
#4749=CARTESIAN_POINT('',(-0.0338773972517087,-0.0516773732681552,0.0325));
#4750=CARTESIAN_POINT('',(-0.00303108891324503,0.0017499999999997,0.0325));
#4751=CARTESIAN_POINT('',(-0.022194030893592,-0.031441189132456,0.0325));
#4752=CARTESIAN_POINT('',(-0.0241517679213871,-0.0303108891324559,0.0325));
#4753=CARTESIAN_POINT('',(-0.0241517679213871,0.0303108891324548,0.0325));
#4754=CARTESIAN_POINT('',(-0.022194030893592,0.0314411891324549,0.0325));
#4755=CARTESIAN_POINT('',(-0.00303108891324536,-0.00174999999999991,0.0325));
#4756=CARTESIAN_POINT('',(-0.0338773972517094,0.0516773732681551,0.0325));
#4757=CARTESIAN_POINT('',(-0.0358351342795045,0.0505470732681551,0.0325));
#4758=CARTESIAN_POINT('',(-0.0360305235602582,0.0527992134478434,0.0325));
#4759=CARTESIAN_POINT('',(-0.0366666666666667,0.0601316701949486,0.0325));
#4760=CARTESIAN_POINT('',(-0.042823947351035,0.056099611840472,0.0325));
#4761=CARTESIAN_POINT('',(-0.0447151360351495,0.0548611782649109,0.0325));
#4762=CARTESIAN_POINT('',(-0.0447151360351496,0.0571217782649109,0.0325));
#4763=CARTESIAN_POINT('',(-1.13246273995066E-16,0.0571217782649109,0.0325));
#4764=CARTESIAN_POINT('',(-0.0519515306315172,0.0571217782649108,0.0325));
#4765=CARTESIAN_POINT('',(-0.0519515306315172,0.0548611782649108,0.0325));
#4766=CARTESIAN_POINT('',(-0.0538427193156317,0.056099611840472,0.0325));
#4767=CARTESIAN_POINT('',(-0.06,0.0601316701949487,0.0325));
#4768=CARTESIAN_POINT('',(-0.0590356094214498,0.0528351264369764,0.0325));
#4769=CARTESIAN_POINT('',(-0.0587394,0.0505940168147927,0.0325));
#4770=CARTESIAN_POINT('',(-0.061,0.0505940168147927,0.0325));
#4771=CARTESIAN_POINT('',(-0.061,0.,0.0325));
#4772=CARTESIAN_POINT('',(-0.061,0.0296205941604456,0.0325));
#4773=CARTESIAN_POINT('',(-0.0587394,0.0296205941604456,0.0325));
#4774=CARTESIAN_POINT('',(-0.0587418907344657,0.0273599955325946,0.0325));
#4775=CARTESIAN_POINT('',(-0.05875,0.02,0.0325));
#4776=CARTESIAN_POINT('',(-0.0587418907344657,0.0126400044674054,0.0325));
#4777=CARTESIAN_POINT('',(-0.0587394,0.0103794058395544,0.0325));
#4778=CARTESIAN_POINT('',(-0.061,0.0103794058395544,0.0325));
#4779=CARTESIAN_POINT('',(-0.061,0.,0.0325));
#4780=CARTESIAN_POINT('',(-0.061,0.0057606,0.0325));
#4781=CARTESIAN_POINT('',(-0.0587394,0.0057606,0.0325));
#4782=CARTESIAN_POINT('',(-0.0587394,0.00350000000000005,0.0325));
#4783=CARTESIAN_POINT('',(-6.93889390390755E-18,0.00350000000000016,0.0325));
#4784=CARTESIAN_POINT('',(-0.0383258839606929,0.00350000000000009,0.0325));
#4785=CARTESIAN_POINT('',(-0.0383258839606929,0.00576060000000008,0.0325));
#4786=CARTESIAN_POINT('',(0.06,0.0601316701949487,0.032498));
#4787=CARTESIAN_POINT('',(0.06,0.0651316701949487,0.032498));
#4788=CARTESIAN_POINT('',(0.065,0.0601316701949487,0.032498));
#4789=CARTESIAN_POINT('',(0.065,0.,0.032498));
#4790=CARTESIAN_POINT('',(0.065,-0.0601316701949487,0.032498));
#4791=CARTESIAN_POINT('',(0.06,-0.0601316701949487,0.032498));
#4792=CARTESIAN_POINT('',(0.06,-0.0651316701949487,0.032498));
#4793=CARTESIAN_POINT('',(0.,-0.0651316701949487,0.032498));
#4794=CARTESIAN_POINT('',(-0.06,-0.0651316701949487,0.032498));
#4795=CARTESIAN_POINT('',(-0.06,-0.0601316701949487,0.032498));
#4796=CARTESIAN_POINT('',(-0.065,-0.0601316701949487,0.032498));
#4797=CARTESIAN_POINT('',(-0.065,0.,0.032498));
#4798=CARTESIAN_POINT('',(-0.065,0.0601316701949487,0.032498));
#4799=CARTESIAN_POINT('',(-0.06,0.0601316701949487,0.032498));
#4800=CARTESIAN_POINT('',(-0.06,0.0651316701949487,0.032498));
#4801=CARTESIAN_POINT('',(0.,0.0651316701949487,0.032498));
#4802=CARTESIAN_POINT('',(-0.05875,0.02,0.035));
#4803=CARTESIAN_POINT('',(-0.05875,0.02,0.03324));
#4804=CARTESIAN_POINT('',(-0.06035,0.02,0.03324));
#4805=CARTESIAN_POINT('',(-0.05875,0.02,0.035));
#4806=CARTESIAN_POINT('',(0.05875,-0.02,0.035));
#4807=CARTESIAN_POINT('',(0.05875,-0.02,0.03324));
#4808=CARTESIAN_POINT('',(0.05715,-0.02,0.03324));
#4809=CARTESIAN_POINT('',(0.05875,-0.02,0.035));
#4810=CARTESIAN_POINT('',(-0.05875,-0.02,0.035));
#4811=CARTESIAN_POINT('',(-0.05875,-0.02,0.03324));
#4812=CARTESIAN_POINT('',(-0.06035,-0.02,0.03324));
#4813=CARTESIAN_POINT('',(-0.05875,-0.02,0.035));
#4814=CARTESIAN_POINT('',(-0.06,0.0601316701949487,0.035));
#4815=CARTESIAN_POINT('',(-0.06,0.0601316701949487,0.03324));
#4816=CARTESIAN_POINT('',(-0.0616,0.0601316701949487,0.03324));
#4817=CARTESIAN_POINT('',(-0.06,0.0601316701949487,0.035));
#4818=CARTESIAN_POINT('',(-0.0366666666666667,0.0601316701949486,0.035));
#4819=CARTESIAN_POINT('',(-0.0366666666666667,0.0601316701949486,0.03324));
#4820=CARTESIAN_POINT('',(-0.0382666666666667,0.0601316701949486,0.03324));
#4821=CARTESIAN_POINT('',(-0.0366666666666667,0.0601316701949486,0.035));
#4822=CARTESIAN_POINT('',(0.0366666666666667,0.0601316701949487,0.035));
#4823=CARTESIAN_POINT('',(0.0366666666666667,0.0601316701949487,0.03324));
#4824=CARTESIAN_POINT('',(0.0350666666666667,0.0601316701949487,0.03324));
#4825=CARTESIAN_POINT('',(0.0366666666666667,0.0601316701949487,0.035));
#4826=CARTESIAN_POINT('',(0.05875,0.02,0.035));
#4827=CARTESIAN_POINT('',(0.05875,0.02,0.03324));
#4828=CARTESIAN_POINT('',(0.05715,0.02,0.03324));
#4829=CARTESIAN_POINT('',(0.05875,0.02,0.035));
#4830=CARTESIAN_POINT('',(0.0366666666666667,-0.0601316701949487,0.035));
#4831=CARTESIAN_POINT('',(0.0366666666666667,-0.0601316701949487,0.03324));
#4832=CARTESIAN_POINT('',(0.0350666666666667,-0.0601316701949487,0.03324));
#4833=CARTESIAN_POINT('',(0.0366666666666667,-0.0601316701949487,0.035));
#4834=CARTESIAN_POINT('',(-0.0366666666666667,-0.0601316701949487,0.035));
#4835=CARTESIAN_POINT('',(-0.0366666666666667,-0.0601316701949487,0.03324));
#4836=CARTESIAN_POINT('',(-0.0382666666666667,-0.0601316701949487,0.03324));
#4837=CARTESIAN_POINT('',(-0.0366666666666667,-0.0601316701949487,0.035));
#4838=CARTESIAN_POINT('',(-0.06,-0.0601316701949487,0.035));
#4839=CARTESIAN_POINT('',(-0.06,-0.0601316701949487,0.03324));
#4840=CARTESIAN_POINT('',(-0.0616,-0.0601316701949487,0.03324));
#4841=CARTESIAN_POINT('',(-0.06,-0.0601316701949487,0.035));
#4842=CARTESIAN_POINT('',(0.06,-0.0601316701949487,0.035));
#4843=CARTESIAN_POINT('',(0.06,-0.0601316701949487,0.03324));
#4844=CARTESIAN_POINT('',(0.0584,-0.0601316701949487,0.03324));
#4845=CARTESIAN_POINT('',(0.06,-0.0601316701949487,0.035));
#4846=CARTESIAN_POINT('',(0.06,0.0601316701949487,0.035));
#4847=CARTESIAN_POINT('',(0.06,0.0601316701949487,0.03324));
#4848=CARTESIAN_POINT('',(0.0584,0.0601316701949487,0.03324));
#4849=CARTESIAN_POINT('',(0.06,0.0601316701949487,0.035));
#4850=CARTESIAN_POINT('',(0.,-0.0611316701949487,0.0037394));
#4851=CARTESIAN_POINT('',(-0.0271290132865107,-0.0611316701949487,0.0037394));
#4852=CARTESIAN_POINT('',(0.0271290132865107,-0.0611316701949487,0.0037394));
#4853=CARTESIAN_POINT('',(-0.0366666666666667,-0.0601316701949487,0.0037394));
#4854=CARTESIAN_POINT('',(-0.0294025857744285,-0.0589473016750104,0.035));
#4855=CARTESIAN_POINT('',(-0.0293701229086944,-0.0591672796163985,0.01));
#4856=CARTESIAN_POINT('',(0.0366666666666667,-0.0601316701949487,0.0037394));
#4857=CARTESIAN_POINT('',(0.0293701229086944,-0.0591672796163985,0.035));
#4858=CARTESIAN_POINT('',(0.0294025857744286,-0.0589473016750099,0.01));
#4859=CARTESIAN_POINT('',(0.0232189110867543,-0.0472163336986833,0.0037394));
#4860=CARTESIAN_POINT('',(0.029129184043393,-0.0574532267461819,0.0037394));
#4861=CARTESIAN_POINT('',(0.016131853067101,-0.0349411891324554,0.0037394));
#4862=CARTESIAN_POINT('',(-0.0232189110867539,-0.0472163336986835,0.0037394));
#4863=CARTESIAN_POINT('',(-0.0161318530671006,-0.0349411891324554,0.0037394));
#4864=CARTESIAN_POINT('',(-0.0291291840433929,-0.0574532267461827,0.0037394));
#4865=CARTESIAN_POINT('',(0.0141741160393059,-0.0360714891324554,0.0037394));
#4866=CARTESIAN_POINT('',(-0.0141741160393055,-0.0360714891324554,0.0037394));
#4867=CARTESIAN_POINT('',(-0.0271714470155979,-0.0585835267461827,0.0037394));
#4868=CARTESIAN_POINT('',(0.027171447015598,-0.0585835267461819,0.0037394));
#4869=CARTESIAN_POINT('',(-0.0271290132865107,-0.0588710701949487,0.0037394));
#4870=CARTESIAN_POINT('',(0.0271290132865107,-0.0588710701949487,0.0037394));
#4871=CARTESIAN_POINT('',(0.,0.0611316701949487,0.0037394));
#4872=CARTESIAN_POINT('',(0.0271290132865107,0.0611316701949487,0.0037394));
#4873=CARTESIAN_POINT('',(-0.0271290132865107,0.0611316701949487,0.0037394));
#4874=CARTESIAN_POINT('',(-0.0366666666666667,0.0601316701949486,0.0037394));
#4875=CARTESIAN_POINT('',(-0.0293701229086945,0.0591672796163985,0.035));
#4876=CARTESIAN_POINT('',(-0.0294025857744287,0.0589473016750097,0.01));
#4877=CARTESIAN_POINT('',(0.0366666666666667,0.0601316701949487,0.0037394));
#4878=CARTESIAN_POINT('',(0.0294025857744287,0.0589473016750093,0.035));
#4879=CARTESIAN_POINT('',(0.0293701229086945,0.0591672796163985,0.01));
#4880=CARTESIAN_POINT('',(-0.0232189110867543,0.047216333698683,0.0037394));
#4881=CARTESIAN_POINT('',(-0.0291291840433931,0.0574532267461817,0.0037394));
#4882=CARTESIAN_POINT('',(-0.0161318530671012,0.0349411891324553,0.0037394));
#4883=CARTESIAN_POINT('',(0.0232189110867546,0.0472163336986829,0.0037394));
#4884=CARTESIAN_POINT('',(0.0161318530671016,0.0349411891324554,0.0037394));
#4885=CARTESIAN_POINT('',(0.0291291840433932,0.0574532267461812,0.0037394));
#4886=CARTESIAN_POINT('',(-0.0141741160393061,0.0360714891324554,0.0037394));
#4887=CARTESIAN_POINT('',(0.0141741160393065,0.0360714891324554,0.0037394));
#4888=CARTESIAN_POINT('',(0.0271714470155981,0.0585835267461812,0.0037394));
#4889=CARTESIAN_POINT('',(-0.0271714470155981,0.0585835267461817,0.0037394));
#4890=CARTESIAN_POINT('',(0.0271290132865107,0.0588710701949487,0.0037394));
#4891=CARTESIAN_POINT('',(-0.0271290132865107,0.0588710701949487,0.0037394));
#4892=CARTESIAN_POINT('',(0.061,0.,0.0037394));
#4893=CARTESIAN_POINT('',(0.061,-0.0505940168147927,0.0037394));
#4894=CARTESIAN_POINT('',(0.061,-0.0296205941604456,0.0037394));
#4895=CARTESIAN_POINT('',(0.05875,-0.02,0.0037394));
#4896=CARTESIAN_POINT('',(0.0587418907344657,-0.0273599955325946,0.035));
#4897=CARTESIAN_POINT('',(0.0587418907344657,-0.0126400044674054,0.01));
#4898=CARTESIAN_POINT('',(0.061,0.,0.0037394));
#4899=CARTESIAN_POINT('',(0.061,-0.0103794058395544,0.0037394));
#4900=CARTESIAN_POINT('',(0.061,-0.0057606,0.0037394));
#4901=CARTESIAN_POINT('',(0.0366666666666667,-0.0601316701949487,0.0037394));
#4902=CARTESIAN_POINT('',(0.0360305235602581,-0.0527992134478435,0.035));
#4903=CARTESIAN_POINT('',(0.0428239473510349,-0.056099611840472,0.01));
#4904=CARTESIAN_POINT('',(0.06,-0.0601316701949487,0.0037394));
#4905=CARTESIAN_POINT('',(0.0538427193156317,-0.056099611840472,0.035));
#4906=CARTESIAN_POINT('',(0.0590356094214498,-0.0528351264369764,0.01));
#4907=CARTESIAN_POINT('',(0.0525,-0.00350000000000007,0.0037394));
#4908=CARTESIAN_POINT('',(0.0587394,-0.00350000000000006,0.0037394));
#4909=CARTESIAN_POINT('',(0.0383258839606938,-0.0035000000000001,0.0037394));
#4910=CARTESIAN_POINT('',(0.0292810889132453,-0.0437163336986833,0.0037394));
#4911=CARTESIAN_POINT('',(0.0221940308935923,-0.0314411891324558,0.0037394));
#4912=CARTESIAN_POINT('',(0.0338773972517092,-0.0516773732681551,0.0037394));
#4913=CARTESIAN_POINT('',(0.0525,-0.0571217782649109,0.0037394));
#4914=CARTESIAN_POINT('',(0.0447151360351495,-0.0571217782649109,0.0037394));
#4915=CARTESIAN_POINT('',(0.0519515306315172,-0.0571217782649109,0.0037394));
#4916=CARTESIAN_POINT('',(0.0383258839606938,-0.0057606000000001,0.0037394));
#4917=CARTESIAN_POINT('',(0.0241517679213874,-0.0303108891324558,0.0037394));
#4918=CARTESIAN_POINT('',(0.0587394,-0.0057606,0.0037394));
#4919=CARTESIAN_POINT('',(0.0519515306315172,-0.0548611782649109,0.0037394));
#4920=CARTESIAN_POINT('',(0.0447151360351495,-0.0548611782649109,0.0037394));
#4921=CARTESIAN_POINT('',(0.0358351342795043,-0.0505470732681551,0.0037394));
#4922=CARTESIAN_POINT('',(0.0587394,-0.0103794058395544,0.0037394));
#4923=CARTESIAN_POINT('',(0.0587394,-0.0296205941604456,0.0037394));
#4924=CARTESIAN_POINT('',(0.0587394,-0.0505940168147927,0.0037394));
#4925=CARTESIAN_POINT('',(-0.061,0.,0.0037394));
#4926=CARTESIAN_POINT('',(-0.061,-0.0296205941604456,0.0037394));
#4927=CARTESIAN_POINT('',(-0.061,-0.0505940168147927,0.0037394));
#4928=CARTESIAN_POINT('',(-0.05875,-0.02,0.0037394));
#4929=CARTESIAN_POINT('',(-0.0587418907344657,-0.0126400044674054,0.035));
#4930=CARTESIAN_POINT('',(-0.0587418907344657,-0.0273599955325946,0.01));
#4931=CARTESIAN_POINT('',(-0.061,0.,0.0037394));
#4932=CARTESIAN_POINT('',(-0.061,-0.0057606,0.0037394));
#4933=CARTESIAN_POINT('',(-0.061,-0.0103794058395544,0.0037394));
#4934=CARTESIAN_POINT('',(-0.06,-0.0601316701949487,0.0037394));
#4935=CARTESIAN_POINT('',(-0.0590356094214498,-0.0528351264369764,0.035));
#4936=CARTESIAN_POINT('',(-0.0538427193156318,-0.0560996118404719,0.01));
#4937=CARTESIAN_POINT('',(-0.0366666666666667,-0.0601316701949487,0.0037394));
#4938=CARTESIAN_POINT('',(-0.0428239473510348,-0.0560996118404719,0.035));
#4939=CARTESIAN_POINT('',(-0.0360305235602577,-0.0527992134478435,0.01));
#4940=CARTESIAN_POINT('',(-0.029281088913245,-0.0437163336986835,0.0037394));
#4941=CARTESIAN_POINT('',(-0.0338773972517087,-0.0516773732681552,0.0037394));
#4942=CARTESIAN_POINT('',(-0.022194030893592,-0.031441189132456,0.0037394));
#4943=CARTESIAN_POINT('',(-0.0525,-0.00349999999999994,0.0037394));
#4944=CARTESIAN_POINT('',(-0.0383258839606938,-0.00349999999999992,0.0037394));
#4945=CARTESIAN_POINT('',(-0.0587394,-0.00349999999999995,0.0037394));
#4946=CARTESIAN_POINT('',(-0.0525,-0.0571217782649108,0.0037394));
#4947=CARTESIAN_POINT('',(-0.0519515306315172,-0.0571217782649108,0.0037394));
#4948=CARTESIAN_POINT('',(-0.0447151360351494,-0.0571217782649107,0.0037394));
#4949=CARTESIAN_POINT('',(-0.0383258839606938,-0.00576059999999991,0.0037394));
#4950=CARTESIAN_POINT('',(-0.0241517679213871,-0.0303108891324559,0.0037394));
#4951=CARTESIAN_POINT('',(-0.0587394,-0.0057606,0.0037394));
#4952=CARTESIAN_POINT('',(-0.0519515306315172,-0.0548611782649108,0.0037394));
#4953=CARTESIAN_POINT('',(-0.0447151360351494,-0.0548611782649107,0.0037394));
#4954=CARTESIAN_POINT('',(-0.0358351342795038,-0.0505470732681552,0.0037394));
#4955=CARTESIAN_POINT('',(-0.0587394,-0.0103794058395544,0.0037394));
#4956=CARTESIAN_POINT('',(-0.0587394,-0.0296205941604456,0.0037394));
#4957=CARTESIAN_POINT('',(-0.0587394,-0.0505940168147927,0.0037394));
#4958=CARTESIAN_POINT('',(0.0366666666666667,0.0601316701949487,0.0037394));
#4959=CARTESIAN_POINT('',(0.0428239473510352,0.0560996118404723,0.035));
#4960=CARTESIAN_POINT('',(0.0360305235602585,0.0527992134478434,0.01));
#4961=CARTESIAN_POINT('',(0.06,0.0601316701949487,0.0037394));
#4962=CARTESIAN_POINT('',(0.0590356094214498,0.0528351264369764,0.035));
#4963=CARTESIAN_POINT('',(0.0538427193156315,0.0560996118404724,0.01));
#4964=CARTESIAN_POINT('',(0.05875,0.02,0.0037394));
#4965=CARTESIAN_POINT('',(0.0587418907344657,0.0126400044674054,0.035));
#4966=CARTESIAN_POINT('',(0.0587418907344657,0.0273599955325946,0.01));
#4967=CARTESIAN_POINT('',(0.061,0.,0.0037394));
#4968=CARTESIAN_POINT('',(0.061,0.0057606,0.0037394));
#4969=CARTESIAN_POINT('',(0.061,0.0103794058395544,0.0037394));
#4970=CARTESIAN_POINT('',(0.061,0.,0.0037394));
#4971=CARTESIAN_POINT('',(0.061,0.0296205941604456,0.0037394));
#4972=CARTESIAN_POINT('',(0.061,0.0505940168147927,0.0037394));
#4973=CARTESIAN_POINT('',(0.0292810889132457,0.0437163336986828,0.0037394));
#4974=CARTESIAN_POINT('',(0.0338773972517097,0.0516773732681551,0.0037394));
#4975=CARTESIAN_POINT('',(0.0221940308935928,0.0314411891324557,0.0037394));
#4976=CARTESIAN_POINT('',(0.0525,0.00349999999999993,0.0037394));
#4977=CARTESIAN_POINT('',(0.0383258839606945,0.0034999999999999,0.0037394));
#4978=CARTESIAN_POINT('',(0.0587394,0.00349999999999994,0.0037394));
#4979=CARTESIAN_POINT('',(0.0525,0.0571217782649113,0.0037394));
#4980=CARTESIAN_POINT('',(0.0519515306315169,0.0571217782649113,0.0037394));
#4981=CARTESIAN_POINT('',(0.0447151360351498,0.0571217782649113,0.0037394));
#4982=CARTESIAN_POINT('',(0.0383258839606945,0.0057605999999999,0.0037394));
#4983=CARTESIAN_POINT('',(0.0241517679213879,0.0303108891324556,0.0037394));
#4984=CARTESIAN_POINT('',(0.0587394,0.0057606,0.0037394));
#4985=CARTESIAN_POINT('',(0.0519515306315169,0.0548611782649113,0.0037394));
#4986=CARTESIAN_POINT('',(0.0447151360351498,0.0548611782649113,0.0037394));
#4987=CARTESIAN_POINT('',(0.0358351342795048,0.0505470732681551,0.0037394));
#4988=CARTESIAN_POINT('',(0.0587394,0.0103794058395544,0.0037394));
#4989=CARTESIAN_POINT('',(0.0587394,0.0296205941604456,0.0037394));
#4990=CARTESIAN_POINT('',(0.0587394,0.0505940168147927,0.0037394));
#4991=CARTESIAN_POINT('',(-0.061,0.,0.0037394));
#4992=CARTESIAN_POINT('',(-0.061,0.0505940168147927,0.0037394));
#4993=CARTESIAN_POINT('',(-0.061,0.0296205941604456,0.0037394));
#4994=CARTESIAN_POINT('',(-0.05875,0.02,0.0037394));
#4995=CARTESIAN_POINT('',(-0.0587418907344657,0.0273599955325946,0.035));
#4996=CARTESIAN_POINT('',(-0.0587418907344657,0.0126400044674054,0.01));
#4997=CARTESIAN_POINT('',(-0.061,0.,0.0037394));
#4998=CARTESIAN_POINT('',(-0.061,0.0103794058395544,0.0037394));
#4999=CARTESIAN_POINT('',(-0.061,0.0057606,0.0037394));
#5000=CARTESIAN_POINT('',(-0.0366666666666667,0.0601316701949486,0.0037394));
#5001=CARTESIAN_POINT('',(-0.0360305235602582,0.0527992134478434,0.035));
#5002=CARTESIAN_POINT('',(-0.042823947351035,0.056099611840472,0.01));
#5003=CARTESIAN_POINT('',(-0.06,0.0601316701949487,0.0037394));
#5004=CARTESIAN_POINT('',(-0.0538427193156317,0.056099611840472,0.035));
#5005=CARTESIAN_POINT('',(-0.0590356094214498,0.0528351264369764,0.01));
#5006=CARTESIAN_POINT('',(-0.0525,0.00350000000000006,0.0037394));
#5007=CARTESIAN_POINT('',(-0.0587394,0.00350000000000005,0.0037394));
#5008=CARTESIAN_POINT('',(-0.0383258839606929,0.00350000000000009,0.0037394));
#5009=CARTESIAN_POINT('',(-0.0292810889132454,0.043716333698683,0.0037394));
#5010=CARTESIAN_POINT('',(-0.022194030893592,0.0314411891324549,0.0037394));
#5011=CARTESIAN_POINT('',(-0.0338773972517094,0.0516773732681551,0.0037394));
#5012=CARTESIAN_POINT('',(-0.0525,0.0571217782649108,0.0037394));
#5013=CARTESIAN_POINT('',(-0.0447151360351496,0.0571217782649109,0.0037394));
#5014=CARTESIAN_POINT('',(-0.0519515306315172,0.0571217782649108,0.0037394));
#5015=CARTESIAN_POINT('',(-0.0383258839606929,0.00576060000000008,0.0037394));
#5016=CARTESIAN_POINT('',(-0.0241517679213871,0.0303108891324548,0.0037394));
#5017=CARTESIAN_POINT('',(-0.0587394,0.0057606,0.0037394));
#5018=CARTESIAN_POINT('',(-0.0519515306315172,0.0548611782649108,0.0037394));
#5019=CARTESIAN_POINT('',(-0.0447151360351495,0.0548611782649109,0.0037394));
#5020=CARTESIAN_POINT('',(-0.0358351342795045,0.0505470732681551,0.0037394));
#5021=CARTESIAN_POINT('',(-0.0587394,0.0103794058395544,0.0037394));
#5022=CARTESIAN_POINT('',(-0.0587394,0.0296205941604456,0.0037394));
#5023=CARTESIAN_POINT('',(-0.0587394,0.0505940168147927,0.0037394));
#5024=CARTESIAN_POINT('',(-0.0155,-0.0155,0.05875));
#5025=CARTESIAN_POINT('',(0.0155,-0.0155,0.05875));
#5026=CARTESIAN_POINT('',(0.0155,0.0155,0.05875));
#5027=CARTESIAN_POINT('',(-0.0155,0.0155,0.05875));
#5028=MECHANICAL_DESIGN_GEOMETRIC_PRESENTATION_REPRESENTATION('',(#2915),
#5029);
#5029=(
GEOMETRIC_REPRESENTATION_CONTEXT(3)
GLOBAL_UNCERTAINTY_ASSIGNED_CONTEXT((#5030))
GLOBAL_UNIT_ASSIGNED_CONTEXT((#5033,#5032,#5031))
REPRESENTATION_CONTEXT('Part 2','TOP_LEVEL_ASSEMBLY_PART')
);
#5030=UNCERTAINTY_MEASURE_WITH_UNIT(LENGTH_MEASURE(1.E-8),#5033,
'DISTANCE_ACCURACY_VALUE','Maximum Tolerance applied to model');
#5031=(
NAMED_UNIT(*)
SI_UNIT($,.STERADIAN.)
SOLID_ANGLE_UNIT()
);
#5032=(
NAMED_UNIT(*)
PLANE_ANGLE_UNIT()
SI_UNIT($,.RADIAN.)
);
#5033=(
LENGTH_UNIT()
NAMED_UNIT(*)
SI_UNIT($,.METRE.)
);
#5034=PRODUCT_DEFINITION_SHAPE('','',#5035);
#5035=PRODUCT_DEFINITION('','',#5037,#5036);
#5036=PRODUCT_DEFINITION_CONTEXT('',#5043,'design');
#5037=PRODUCT_DEFINITION_FORMATION_WITH_SPECIFIED_SOURCE('','',#5039,
 .NOT_KNOWN.);
#5038=PRODUCT_RELATED_PRODUCT_CATEGORY('','',(#5039));
#5039=PRODUCT('Part 2','Part 2','Part 2',(#5041));
#5040=PRODUCT_CATEGORY('','');
#5041=PRODUCT_CONTEXT('',#5043,'mechanical');
#5042=APPLICATION_PROTOCOL_DEFINITION('international standard',
'automotive_design',2010,#5043);
#5043=APPLICATION_CONTEXT(
'core data for automotive mechanical design processes');
ENDSEC;
END-ISO-10303-21;
